-- phpMyAdmin SQL Dump
-- version 5.2.1
-- https://www.phpmyadmin.net/
--
-- Host: 127.0.0.1
-- Waktu pembuatan: 19 Bulan Mei 2024 pada 14.16
-- Versi server: 10.4.28-MariaDB
-- Versi PHP: 8.2.4

SET SQL_MODE = "NO_AUTO_VALUE_ON_ZERO";
START TRANSACTION;
SET time_zone = "+00:00";


/*!40101 SET @OLD_CHARACTER_SET_CLIENT=@@CHARACTER_SET_CLIENT */;
/*!40101 SET @OLD_CHARACTER_SET_RESULTS=@@CHARACTER_SET_RESULTS */;
/*!40101 SET @OLD_COLLATION_CONNECTION=@@COLLATION_CONNECTION */;
/*!40101 SET NAMES utf8mb4 */;

--
-- Database: `db_inventory_new`
--

-- --------------------------------------------------------

--
-- Struktur dari tabel `barang`
--

CREATE TABLE `barang` (
  `kode_barang` char(8) NOT NULL,
  `kode_jenis` char(5) NOT NULL,
  `nama_barang` varchar(30) NOT NULL,
  `satuan` varchar(10) NOT NULL,
  `harga` double NOT NULL,
  `stok` int(11) NOT NULL
) ENGINE=InnoDB DEFAULT CHARSET=latin1 COLLATE=latin1_swedish_ci;

--
-- Dumping data untuk tabel `barang`
--

INSERT INTO `barang` (`kode_barang`, `kode_jenis`, `nama_barang`, `satuan`, `harga`, `stok`) VALUES
('B2405001', 'JB001', 'Bunga Asli', 'lusin', 50000, 50),
('B2405002', 'JB001', 'Bunga Palsu', 'lusin', 30000, 50),
('BA001', 'BA', 'Sandal', 'buah', 20000, 13),
('BA002', 'BA', 'Jas Hujan', 'buah', 15000, 23),
('MI001', 'MI', 'Aqua', '1 l', 5000, 1),
('MI002', 'MI', 'Le Minerale', '1 l', 6000, 9),
('MK001', 'MK', 'Kacang Garuda', '100 g', 10000, 6),
('MK002', 'MK', 'Roti', '200 g', 25000, 10);

-- --------------------------------------------------------

--
-- Struktur dari tabel `barang_keluar`
--

CREATE TABLE `barang_keluar` (
  `no_keluar` char(12) NOT NULL,
  `tgl_keluar` date NOT NULL,
  `total_keluar` double NOT NULL,
  `id_pengguna` char(10) NOT NULL
) ENGINE=InnoDB DEFAULT CHARSET=latin1 COLLATE=latin1_swedish_ci;

--
-- Dumping data untuk tabel `barang_keluar`
--

INSERT INTO `barang_keluar` (`no_keluar`, `tgl_keluar`, `total_keluar`, `id_pengguna`) VALUES
('BK240518001', '2024-05-18', 10000, 'P001'),
('BK240518002', '2024-05-18', 20000, 'P001'),
('BK240518003', '2024-05-18', 90000, 'P001');

-- --------------------------------------------------------

--
-- Struktur dari tabel `barang_masuk`
--

CREATE TABLE `barang_masuk` (
  `no_masuk` char(12) NOT NULL,
  `tgl_masuk` date NOT NULL,
  `total_masuk` double NOT NULL,
  `id_distributor` char(10) NOT NULL,
  `id_pengguna` char(10) NOT NULL
) ENGINE=InnoDB DEFAULT CHARSET=latin1 COLLATE=latin1_swedish_ci;

--
-- Dumping data untuk tabel `barang_masuk`
--

INSERT INTO `barang_masuk` (`no_masuk`, `tgl_masuk`, `total_masuk`, `id_distributor`, `id_pengguna`) VALUES
('BM240518001', '2024-05-18', 60000, 'D001', 'P001'),
('BM240518002', '2024-05-18', 80000, 'D001', 'P001'),
('BM240518003', '2024-05-18', 70000, 'D001', 'P001');

-- --------------------------------------------------------

--
-- Struktur dari tabel `detail_barang_keluar`
--

CREATE TABLE `detail_barang_keluar` (
  `no_keluar` char(12) NOT NULL,
  `kode_barang` char(12) NOT NULL,
  `jml_keluar` int(11) NOT NULL,
  `subtotal_keluar` double NOT NULL
) ENGINE=InnoDB DEFAULT CHARSET=latin1 COLLATE=latin1_swedish_ci;

--
-- Dumping data untuk tabel `detail_barang_keluar`
--

INSERT INTO `detail_barang_keluar` (`no_keluar`, `kode_barang`, `jml_keluar`, `subtotal_keluar`) VALUES
('BK240518001', 'MI001', 2, 10000),
('BK240518002', 'MI001', 4, 20000),
('BK240518003', 'MK001', 9, 90000);

--
-- Trigger `detail_barang_keluar`
--
DELIMITER $$
CREATE TRIGGER `barang_keluar` AFTER INSERT ON `detail_barang_keluar` FOR EACH ROW BEGIN
	UPDATE barang SET stok = stok-NEW.jml_keluar
    WHERE kode_barang=NEW.kode_barang;
END
$$
DELIMITER ;

-- --------------------------------------------------------

--
-- Struktur dari tabel `detail_barang_masuk`
--

CREATE TABLE `detail_barang_masuk` (
  `no_masuk` char(12) NOT NULL,
  `kode_barang` char(12) NOT NULL,
  `jml_masuk` int(11) NOT NULL,
  `subtotal_masuk` double NOT NULL
) ENGINE=InnoDB DEFAULT CHARSET=latin1 COLLATE=latin1_swedish_ci;

--
-- Dumping data untuk tabel `detail_barang_masuk`
--

INSERT INTO `detail_barang_masuk` (`no_masuk`, `kode_barang`, `jml_masuk`, `subtotal_masuk`) VALUES
('BM240518001', 'BA002', 4, 60000),
('BM240518002', 'BA001', 4, 80000),
('BM240518003', 'MK001', 7, 70000);

--
-- Trigger `detail_barang_masuk`
--
DELIMITER $$
CREATE TRIGGER `barang_masuk` AFTER INSERT ON `detail_barang_masuk` FOR EACH ROW BEGIN
	UPDATE barang SET stok = stok+NEW.jml_masuk
    WHERE kode_barang = NEW.kode_barang;
END
$$
DELIMITER ;

-- --------------------------------------------------------

--
-- Struktur dari tabel `detail_pemesanan`
--

CREATE TABLE `detail_pemesanan` (
  `no_pesan` char(12) NOT NULL,
  `kode_barang` char(12) NOT NULL,
  `jml_pesan` int(11) NOT NULL,
  `subtotal_pesan` double NOT NULL,
  `status` varchar(20) NOT NULL
) ENGINE=InnoDB DEFAULT CHARSET=latin1 COLLATE=latin1_swedish_ci;

-- --------------------------------------------------------

--
-- Struktur dari tabel `distributor`
--

CREATE TABLE `distributor` (
  `id_distributor` char(10) NOT NULL,
  `nama_distributor` varchar(30) NOT NULL,
  `telp_distributor` varchar(13) NOT NULL,
  `alamat_distributor` varchar(100) NOT NULL
) ENGINE=InnoDB DEFAULT CHARSET=latin1 COLLATE=latin1_swedish_ci;

--
-- Dumping data untuk tabel `distributor`
--

INSERT INTO `distributor` (`id_distributor`, `nama_distributor`, `telp_distributor`, `alamat_distributor`) VALUES
('D001', 'Asep Sunandar', '085326746889', 'Jakarta Barat'),
('DST2405001', 'Dovan', '085146185821', 'Jl Merapi');

-- --------------------------------------------------------

--
-- Struktur dari tabel `jenis_barang`
--

CREATE TABLE `jenis_barang` (
  `kode_jenis` char(5) NOT NULL,
  `nama_jenis` varchar(30) NOT NULL
) ENGINE=InnoDB DEFAULT CHARSET=latin1 COLLATE=latin1_swedish_ci;

--
-- Dumping data untuk tabel `jenis_barang`
--

INSERT INTO `jenis_barang` (`kode_jenis`, `nama_jenis`) VALUES
('BA', 'Barang'),
('JB001', 'Bunga'),
('MI', 'Minuman'),
('MK', 'Makanan');

-- --------------------------------------------------------

--
-- Struktur dari tabel `pemesanan`
--

CREATE TABLE `pemesanan` (
  `no_pesan` char(12) NOT NULL,
  `tgl_pesan` date NOT NULL,
  `total_pesan` double NOT NULL,
  `id_distributor` char(10) NOT NULL,
  `id_pengguna` char(10) NOT NULL
) ENGINE=InnoDB DEFAULT CHARSET=latin1 COLLATE=latin1_swedish_ci;

--
-- Dumping data untuk tabel `pemesanan`
--

INSERT INTO `pemesanan` (`no_pesan`, `tgl_pesan`, `total_pesan`, `id_distributor`, `id_pengguna`) VALUES
('PB240518001', '2024-05-18', 140000, 'D001', 'P001'),
('PB240518002', '2024-05-18', 30000, 'D001', 'P001'),
('PB240518003', '2024-04-10', 20000, 'D001', 'P001'),
('PB240518004', '2024-04-23', 20000, 'D001', 'P001'),
('PB240518005', '2024-03-14', 45000, 'D001', 'P001'),
('PB240518006', '2024-03-07', 15000, 'D001', 'P001'),
('PB240518007', '2024-02-13', 60000, 'D001', 'P001'),
('PB240518008', '2024-02-08', 100000, 'D001', 'P001'),
('PB240518009', '2024-01-08', 18000, 'D001', 'P001');

-- --------------------------------------------------------

--
-- Struktur dari tabel `pengguna`
--

CREATE TABLE `pengguna` (
  `id_pengguna` char(10) NOT NULL,
  `nama_pengguna` varchar(30) NOT NULL,
  `username` varchar(30) NOT NULL,
  `password` varchar(100) NOT NULL,
  `telp_pengguna` varchar(13) NOT NULL,
  `alamat_pengguna` varchar(100) NOT NULL,
  `level` varchar(5) NOT NULL,
  `gambar` longblob NOT NULL
) ENGINE=InnoDB DEFAULT CHARSET=latin1 COLLATE=latin1_swedish_ci;

--
-- Dumping data untuk tabel `pengguna`
--

INSERT INTO `pengguna` (`id_pengguna`, `nama_pengguna`, `username`, `password`, `telp_pengguna`, `alamat_pengguna`, `level`, `gambar`) VALUES
('P001', 'Eli', 'eliana8', 'a1fb1ad85a7099aca32b0a9eaf2e1a62', '085756667443', 'Jakarta Utara', '2', '');
INSERT INTO `pengguna` (`id_pengguna`, `nama_pengguna`, `username`, `password`, `telp_pengguna`, `alamat_pengguna`, `level`, `gambar`) VALUES
('USR2024002', 'aadmin', 'aadmin', '0c3cc2b229a290c98e6b161a607f48d3', '085357149265', 'Jl Kembang', 'Admin', 0xffd8ffe000104a46494600010101009000900000ffdb0043000201010201010202020202020202030503030303030604040305070607070706070708090b0908080a0807070a0d0a0a0b0c0c0c0c07090e0f0d0c0e0b0c0c0cffdb004301020202030303060303060c0807080c0c0c0c0c0c0c0c0c0c0c0c0c0c0c0c0c0c0c0c0c0c0c0c0c0c0c0c0c0c0c0c0c0c0c0c0c0c0c0c0c0c0c0c0c0c0c0c0c0cffc20011080215032003012200021101031101ffc4001d000101000105010100000000000000000000010203040805060709ffc4001a010101010003010000000000000000000000010203040506ffda000c03010002100310000001e75d3598a099126422c19634b65295aa0594028004a2d94012c2a514258324b0000100004a000105415054a000050000545812900031ca1000009440409a49512d009424ca0a0b3255955416640020b05032c72000254338400b288b00000009400895717c76bec37801d3afe8bdfcf5fb04bcabbe77d0336ca040525405052582c100216048a00020258129a695925004b0a010c9326960c928cb1a50400a00aa4b001650b2e44a01505000216ca4025863f3ed5fcf7d5f6ff25d5dad6db75d6ef746963b3cefdef31b807e84fd5c719b9313195964080028082a58004b04b00004a24a2000d2ca566282c2916e3962016caab28b8e42ca54a204b2940054a12c54a042e2324a0a12800864949289b7dc7c1178cff28deea6b77a9f7dec7addbf8267f47f17cbc5e7f5f5fbee7e0c3aaf4dd2dcf65fa13f9c5f7bc6b9d571b3190c80002a2ca80012c225000090a4128030a320128962d94a000b0649402a0ca20b295054a0005636321004a14a4a000004a18f02f9d7f99d797a7fa6fcdb995e7faf97a8efb79e7f7bc6f9ff00aa4b9e32fc6f9f9e77b7d7fcd1ebf931c78f43cbd5f77f17faf763abfa2bed78a7cabc4cae2932004214965002088594105480000006219148a58a58b025082a0cae39000004a1628b0521511440192500658d1650010a010f11f9ddcf1e03de6eef99bc2ee48f9bec7dd377f28fa070f2775d46cbe787a1ecba7f5d3934fe5df65eb7837f999d97b7f97fbbf3ff0062fd1afca1fd25e4e1f776598a212c0b8d4a500c6c00189504a000020b298a9914255116ca312912802ca5940021505940160544541925802dc72250b70a5b28000947c5b823ce9e04de6f7fc86e2efdc3cdf6bd97bbf19def53b5f53f8e7d7b6bbe1e35fd33e83d96d875ddef9be1bc5be38725b8ebdeeae87323881f4cf47c8fd1cb8e59e3ca2c25821a009462944b8996360025822192432816055332812a8280946242800c800220b8d324148541588c98d288a962d8320250b06494000f8afe7d7e85fe755e4fa8734f829cedf2be8b7be73d078deb76fe9da1b7d0e6ea773bef3fbedf0ee3cdf6dd6f5b9fe0bc51f71f13f43cff00718e86c3d0f33f5b3b5f937d6738589329141421620048000824a000000641910b328d19420008b08002d94024001280002228ab7146423293216528128b650020f947e6bfe9f7e5d3933e78f03bebbd5f439a3e67bcf8ff0091f41f5eeebe1fe937eb7b6ee9daf2fceedfcff63e1b8670e3e37f64f8ff00b5e27a6d931e6ebf38b955c02e7e6594ad718020971aa08b080026340040b2801066191565a5408b0022c210a002a0b20a010a90b002162b2445cb1b1419252dc6940b05b8d12c3cf7e4ff00ebdfe4a4e4d9793f65e27739aff6bfcb1e66f97ebf21fd26d7baeb7a5bfeb757c75eaecf3deeefafcfc0ef90f25b8f1edf8db8dbe8e9f3f53e91fa9ff917fa818dfb74bcbd7b70b004a0255c40063712804110c921940a83503342d4aa94620000c6658950500000808428960885b064962dc728b71a5b219a52a0ca50b02061f977fa87f9cadfc93a0eef656f8bf73d5f3a8ed3dd7cb3e93f3ff4bd9ef773bebc3b5d2ecb67ac7cc388fcebfcf7f5bccf9be9f6fe5bb5d2fa073b3f3f3941d3eef3d2e1976ba54914955216000810094488500004a26a14595650024b0012c31a8500020b02650804b8880634a832b8d8b9634c845b28cb119252dc45a85c50c7819cf0e196af0e773e7b7da9cb2e47b69c7cbf3efa6f8ff65f3bf4bdfef7aed4df5f79e6765f4ae6e2e3bf133d979ffa2f9febfc67d0fc89f3afaef90cbabcff00af5bdf887db358cd8db280000904508110b2c0948b0b64284d5b294280031b0965103128001204a04a08496101105b8d2d832b2c5b1195832032c29925259e6ccb8b9f0df03b9f4af946a63a9d77a9d87da2bf42fc87b3eb7afcfc7ffa075deabe7fe9b6bd1fa7eebb5d2f03d2fdc7f3b7d4f27cb65a59f7ba7d379bef7a6cb0b31c6bbae4b71375a5fd34fa1fe4c7d663f439f0efb84b931a6490000910a0440004001356e391925680022c2024b00202c40000625c689018d8121920cac19596324b16e3916e34a012af013995f98ba9a7b6d4da6f38ee302ef3977c4de694bf7cee3e6bf42e2e4f88fd8f63e93a3e863b5ec3cdfa1e67c8f837eb7c96f3de75bd669ef3b9d94dbcba3869eb4ba5aba7ae6f775b4ccec7f497f3239819bcaacb166e482a0204a10200010a1084d5b2972c6b4b280258404200221600004996225862412c2019634b9634b6232cb1b0ca432b8d3285121c63e1572838b3c99ba135ac6eb6dd9cbeeff413e0fc8c5d4ec70dde2e9b57423478c9f7ff00cebe49e634b5346e3474773a6d696d377a69d7e79f70bd6697d0bc91b2cf4350d4f77e07563f5a2fccfe978d64020b2c2818d80820541609609ab70c8cd2ae49540108b063609605c4000104cb118d849612582219252dc699a58c9296ca2c1931163cf57e777cd379b1e4c4dd61aab97a6f3df723977e9f4b7135dedf35871bbeebba1d65f80f1b7f43771acf01bbbe71eea3871ea793d81f09f5bf48c23a0ed373a52e97c87eb5f18ae0fe7b3ddf2e33d6dbee65e68f2578cbc99ceb3446482c8128021002280411352ca6596192db2ad4a01890b8e5880480000c6880c418cb092c31a0b296ca6571c8594a22a2b24865f0cfb8f0dece286b6c779bce59619aebf28f8bbcc63935e3fd9f8fc6bbad6d3986b4d11ab8e9c339a70cf1d386731c0ba59699b7e37f22f89d5c6fdc6df5f97196a686aaf38b915c32e65e359d88b404042c0000012c4b20cf284cee3572b8e4b6e34a092e2596125840188ca5820258496125c492c210c8192532b295066944b8994c697f35bf42ff002cb53a3dff0053d96b1bd4ad6e3995c34e61a7267cdfa0f3d9d7738e58f1dc31ca0b20961258497131d0d7db9b3e157353813a9f38d5c32e4c679cd56bd9fe9afe617e9e62db2cb4854a4a04a08580025c5284cee39195c3232b8d6b205b8d1018e588961258405905049712e3612584c6c18d0cb1a6560cb2c69925160b0110f87f00b94fc57de7cff61b6d1b9f40cb05dc72eb887c993987e5bb9e8f1af47867a78b890b2626531865242e2863b6d7db1b6fce2fd1afcbcd6773adb7d6e4cee35f4725f7bfa53f99ff00a518dee5328c9280202c0415012a4a88634cf2c6995c699dc725b70c968006396225c4636001288858822120632c005832cb1a6571c8b71b165525c4883f3e3e29edbc26f1a1d0f7fe72cf75a1ada4d6afdafe27ef0e7b696f353a5e96fe79ecb5d5ef9b0d6e4e1dc63a38d6be3a0370d01ad34865b5d4db1e67f3579f9c08de775b8d876bbce7b4ccb8f3fb819cbe9794f96396359251652020010021110a0cb282d94cb2c299595ab71a50480c6c24b04020b012e2496125c44088324a649916ca5116c531ca18f88f6bf003823b4d5db7271e3d5767b13baddf49dbb5afed7c47daf8b9b953afbef3be07d47bd71dbef3c9d7c76fe8b63dcf37afc7cb6cfbbe6fb5be3f5acf5d9798dcafa174daa765b5daed4f8df0bf931c62e4c76bd9ecb7da9a1a8c8d5e6bf0a7f45e6be8d963963595c695219494025951044940090d5634c92972c46796192d4aa20a120620842281040c658497124b058168b6532b29414858861c25e67fe586a743b7ec365ac6cf6fbaea8d6f4de33d81aff7af807dcb83b5cb8f61e37d1f89f41bcc36dafbe0ddedf26f8bca7c6b92fc27eef43e93b9f82777dde8fd9f75f39f4527b0ecbc36f25f5fd6f41d7c7c638f1f72f80f23b5de6d375676bd8797df9dd737784bcbaceb941963967590000004b112c0112c1035016e34b60cac19dc4b925510928c658481480842125c440910a0b71c8b652e52940b2925879afcbcfd61fcc9d4f0186f70d67adc7b9c0f2be8fa2df2761f4ef97eb6393f4dfb2f8dfd73c1fa3cf3ebb098edf75e6b5edf4bc33e54f0dfb7d4f9de9dc3d8f1757d678b47a0effe6bb88f77d0f9edb1bef3dbcd7ae9f739c3435f6da31daf37f845ce09ae41e78678d6400004b12c11012c1000d45801931a657119a0cae25ce42a5c44422c18a804c72c04b88961258282cc8b42d0b42824a30e1bf323e2f5f9f99e786b3a7b3ec32aeafaafaa726fafd8e3af24be85bef2fd9f2dbdf51abd7eef8ed3ec7cd6afcc3cb7d3785de8795cb1f9cfc0bbcec747d1e174fb9d1caedf50c4c63475347133c73d15d6da6e744d2db6fb4e3cefe8bfe75f28f3ae73d9966da0040088948022002586b2c20250c98d2dc6995c699216e22b1b118dc568110639624961258102c172c722d94cac16ca54a4584dbee21f9c5f34fd0dfcff00d4d96198e6afbbeab75f39f51f41d9e977bcb8f3fd5fa9eaf3c9a1e13d874739b8d1c71fd0ce097b3f3fe5fbef29ea7b5e77a0d8ef36758dd3d1b3b09a39e74c73b66963a98cb84ca131d6d4347ea5d373d23dce4b8d4a8594188b1128488000220dc10800005832b0649405c42c811608131b0c5710080594658e46494c81901650a24b4c7f387f47b8ef5c1cdaf63d059cc7fa57e74f79e6faff00a3de97e03f72e977f7fd7eb68ef3d0e9f758f73cfdbf4bdcecbb9e67c0be7bc94f9a6a71fba5fb17cd753a5794d2d4f637c76b1eb357ccf2bd78f77f467b8cdfcccdc7ea26f8e017ddb9128daee6d965b00042044b0b1100021025370812e250085032c45cb0c80095712160b0848831b04b040ca294a64c723205a0cb1a014130d4c4fcf6f84731f893a9e5ba6c7b9d677bc85e336ef8b9b9a1f4afce2efd3987e0be0137c7f4bf1fd46a6a7593718ea6dbafecd5d56f7becce8f7fafae75bf46f9eebe6feb6df977d478b65100a09609609624089610002212ca01b8025844a2511032c696c1931a20b2a2258ac6c592e242088541914658e45296ca64c696ca00a85c32f9b1c09f9fef7adde76ccf0aeb7b8dbea9d4fa1f33dfa76d26757391363b5de75ab7b4ebf79a9b8d0bac65a392265666f2ff0096bf9e9fa159d54b9a80a0960961265081963962085c6e25010086e6c00258018ac00b71194b0582c812c5895663962496101145b2968652c32b28b29414152938a3cade011f03daeb68eb3b7c72c34cb6dafd618f6dd3ef8f4b9e8e69ad24d4c71cb2964b2c4d3a65259ab968eb1dbfeabfe49fe99e2fbd4b9ab2841658499424cb141118e50440002442835ecb4b102140c6c25428000004468424b88c6c000194a5b2968649414a4324a160fcf6fd0af8d1f9c9a593536986786a4f37db79a8ef773a1a35ed32c323522532c2a5c1813534750b969ea2e9eae96719f3b7823cb98e5d55c68809402024112c48063711418d80041b914000109462096432025110034c6c18e58925810503294b65328a5b28b28a04a5b03e57f54f941f997b9da6d373778678274dd7e3b83b1d8eff00695ea375d3f706acc29580cb4f2d21abb6d635669c33d4eb69f4de70fb2f4f9aca5cd928842812c2049112e394220b1001204aadd0a0800212c2012c210ca2140962a58b31b08418d19252dc722d94a52d9402a810c8a4f947d63e607e5eecf77b5e4cccf434cea3b0d6d48d1d3cf6d5d9fa2f1de8637d96cb4abb2c7a8d33badbf51a6763a5b5c0d5dbe4353b5eafb297f527e87f3dfa161562a5125212926588062b118d825c4018d825006ea5681096152926522000c5600085922d3154b8821016e3912b22d94b6519634b60c9282195947cb7ea5f1c3f34365b9db724c34f52254c49a1b9868cdd6069ea67a66a5d3cc5c712e18c33cb472375bcd8ef26bf533e8fe4fd5e2655144002194b14820463612582204a054586ec004040040504480040b00c45620c028142e40c81902850650281903e1a1f9afa2724c321318101940ba60c834f106213505d4ec897f6237463343502024040b88402409024040434432fffc4003610000005030202090402020203010000000102030400050611071213213010084014205022311541321623603324253437421743ffda0008010100010502ee61fd631dd43faa87a76ec4dc03e89983e919eaf8ee9a83aa485a49d435a6befd753572e612d3f5cee4a78db7da401c2940ba18dcadfb8e7fa57c4beb50d958ccef4d4caadd8e1d544cb1814dc3c82187915c080d02e7734573a7bad88d73d4c3cf9f28743f7ee5a817aa363d0ee2b95cd72a4a10c8a1556e0d614d885301e2dca018626aec8c5fed9a3faa62ecfd2e60f947bd0771cf7a72b91b21aa57d1ee9ad30ff3374bea156b80827a8249c3b8d90cb808a04e2c2320588aa1e194a5b91414d30bc7f70b73bd0775c40ef01d3ebbdcc34da13f299f3906e0dd3b4682a03eaa69f7d40ee2c359a2954a0b86676ad770a74e02078ae12751724508d0c052e8fdcdfae5da1ea81e843ca6b0d73eb17d2a6066858f650d452a5da69362851c9835b882a0f74f19b90abe929042e5b42a1438e1e28918ceb89282f801cb73ec369f5c1fb2da7fd243a47ae4ad1b3d767a8bc45a8bf796f302b64dba41804e70670a78701957a026f52bdb4b786ad6ad85e9aa95c9a9ce84436767db8b86f7cff7e933fd07519e781b2486f75a09f88bc29a8ed06c4c13efb8254ebcd294446fd4dd9d2b938aa2adcae4b7ad9e93b6177d28ad14a3bc155ad81700d0ae20f471f4ed685b85a7c88ee96cd4894abc18ea4a6995a6a4117162fcaf13ad22baedbf5668d946b72d269ca34b89b3d0024a823c44756e8de156b7f3c062e45377a6f5dfd86ccf38f947d473ddf5d4fb2c5a72bc45acf3a4daea77a874ea391b5fec1fad477643bb58038370d385f54aa9a5a4aad6e8da7e8d3976cdf808bb1c4d5a660e57a514788a94c9cece171710a1df33d41eadaf7cac6a71f6b9a722a3d756a596a35945b099500d4768562e47dc98b021ca5629a7114a2bc8b501c17535b2eede37680d16ddfc3a2b707d12f3e9f33edfd0f5ef969ea23b1d69e7bee1a790386b25ec685cd43e080f792583837c65d9f02fbdc5bbee4a6502a2bd5db3da91c70ad3dd0b4a9d16a05aad2bd6f3e4cf74d782e74d8aa6c358af8acef1a49bdb5871b5a539e1192aad5b09f18efd231859445c6f058db85e7243b432dc4ab5bfed72a1f6b839f867d15ac7d66c1e833e858e847a6cf72d6c438da69ffeef5d1d89eccba4958a5bb537b650c4545aae82442571ac7f79372969c1ccd2b6ec106faea611abd38fc174ecdfed98fc44fb2f54f8f48f420f460e8f5490f11a7cae48ed7271e9ba177480ca6981eb1ad5056a4aac696aa814fa124b2b48a411982c4028aee712a4a8d49d6ba8eebaca4db1d7e20393766cac0b0bcffa1875874b75b6f1d6cbe0d8ec3d8d417568d51d30d5546e545748afcad28a9a51932e14293057cb024578ecce0c93306e8eb49365c8528a4775cd321b0361d60d42ba13382a499ebcfa00f7ccf72386e0b81b785aa9423e0f73674a3471a45ab5f5d8c16dc52aa1157a042bc5cef946ac8138b27826afd045e92a94b568d5105772041e6c7f2d3aab7d6accefd8e907d20d35299780bc94f69aa68fbb1efb4ad95abee6d3adac34e4aa2a2b382771136d889a788b12552d92d6aa9ad49266be52544a7417e74f570af670ae78bb7bb8e7a70e887a5cf7b3fc6bc32f0b7e1ce075aa65dc85af6e2f76dc95ab49ada94cb149ba8ecff240bc80904b8072a1504557a4b6ad4b884ef9cbba3980806e1a94b5774d08aefd3af3099f5ccf4ff7f26608643b4eb5f0975a0ef09d49c7fadd94ad2e33cd5a4485b4b4d0a26b59b903721c8a06c8aeb010a089ee2aa7687b94a2a3b2f1211b018b765248588ae76a7b36e2f0f5060ecaf9a775cccfab67ca730ced49c1386d300ac532e6d0db63f5ad36d7363e36c4b4c80851d0890fb416c47f501554a5b54adba2dd95d3dd15c4c80317548d92ac2dbd3f0c5501ad30a8ada1f7696bd69773cf9fefea9735d4c6d0a6dc1da51d18f5dd5daf56c1e3832e2931e205a5410ae5c6d1304d2d44a795fdad4313148d13da413026476ef8695a0c3ea354d7dbb3e976ea81b220947aaf8852b3ff0070bf81079d32b0bd25cda5da39d362db5aa345ba07e3ab3e883e8d755d2d6cfa35f37b3cbdaae73644c30886e83ee3f679a40d5352c9ed95e00568d44e18149485970fa01d4146dc6c942a68d31adf3787ee778a595147ae78489881baaa4ff930fc4bc844d087c11aae601b6f55eb36c974eb5a5bde4ebaf3e8e3dc83a6d70bdcd72dda71861c0097714ae4448813869765ba370e86d2ac92b5678d8af5a991529151b7ce2e694a2410aeb84aebfdf0145b60031192e4122aa710ea29ba54ff00ed01bf914f68fcc0fc500da1be327a66ceac0ba3f70b57fa0079f32fdb9c2d0b4565788261871dc23085dc7543086889cf49d27b7980f8841e1846e2a096ac837202081a549d11b05ef739af1b9cd0ea98802a1cc06013454a0913f13aa1ba10330bf980c1185f9ecd37281db79b3df47d073e4ed3f52146dcddb80e3c93e706362646cab495bc2e03534a7498205294adc26dc0887b9c29edd76bbfe9d460e4071862fb40263239e32cb17113f71124f68263b96fb80c28f3d3ab946d3bbf3d3e3d087bbf69faa157ae223ec58d003694039b62f2d14a2f80a4383623326d406662a7db2acf48d1bde1721eedb8d434f9830022d92908970c15e634fa03c7510d3aaebb0a8509ddbcb89a661210fb4da435e35c3a7ddd83b80f740e93e47542bbfb15e2dc7f8ff252006650a98357a8da0c0a8117e670f62598f5e959a2828606daeb778a2c9bdb9507710d31aebb16fa355658cd740d75632ecf6d8b1b683d253169a5948651b5b2cda08b44c44112126b5521b54ac5f89f62c297797b323c156d6eea1e9f9eabb6abf42b5d737b485c269a7b604207bb4668fe22af464380c7205515b8c8a9c6a6f4f1466edd1cd4f70b01282914ff00494020316e585c270541199998233304d0e69adef7c369e94dc41811b1b62bd9a11e151fac3d2be7a60f2e7cdda12b3f4cd3c50d98d7dc90f38589fce85b6e253084e1a174898694dd12344374dd374dd333333374cccccc118231534ed12f365b4886dea0813b3760d69f7acf7e0eb0f367cbda66b3c7ab98fef6633102253415b87eb8b0e097106e0eaccdd33333333e41830c31519da31d7fb29c181d5d9b6e5067590e833d387463de03a30e63aa55efd8af954db4ccc7261f9089cd00537dbcb1b25ad066a7d4339f4230d159da0dd71af54b9042c19a78e4ed6f6f5ccf4373d57e876deedd1e1b07a60ff29bf20849d9ccbba8a3cc2a23bee483d18c3c3cd6675e2b5243e039f5004b24765e3f7ee81d28f50f4e3d43d41d41d27682ad7d2b4f49fe4a9f294b36553860c5f90f8ecd4beea4e67f92e683d067acd0f0f2fa79e36fa28c0858134dd98bdbe7b9e7b88f4a3dd3b50d537548b1f97725465bf95585eaecd0ef6d4565630f757a0f9733333d630628304d832eebc73d20722c0e5374b1ee01b6ae06ce537adba83bae7bae7a30f287947ab33b40bff19a98068b732b43f877c7813efa0950f037bb738b856986296adc59be6e999999999ba6666666608c38cbade780b6db87b7388806e83ca0a9115cc9a9a03711ab7647a88f401d17df522aa4addf314f87a5d8a6fdd0c183cd355b837653544cf4f1a594a0a2ca36847dba26bee9be6f9be6f9be6e9ba6e99863439a6af3df05a7497b4851dc648bb0aa06e804c02449d994041bf780f267a01f2e7a11f38745a8d57fa1d8ce4fb9413434784dc5a7a9c6a78f32979974e501737b24a2ad8185d8d9f19be0414a4a2ac5589dac2bb9e2a7899e2271e02d38938938904f0e79afef7836109b935243430c296273b3853c5bda303af3ebfda22e14a9f65a9f23ca09a2fcc28ca60a038127ce872c42dcd4e3e14bcac84abf283705c342aad26b657e450a2733a604784a82aa53962d52054a16a108fe15f42bacc0710cbc5179da35ff00fc6a23bcc8980a225cce410004c3f13495aa2d34ea07a08f7e1ebed40cc7f673a7887dc59c4018a9a335782f0ff241e7a1f4423cab341daa151db0599379a9891a153d806e52ec6067d4f07508f211e40790af624fa11e6414718051fcd7f7dc63114e1082e7189540c9c45f94f087de05e46ece956f1d6540f411f267b907455077e018562b0e6e3aaa982cdf98e1b82806dc5029fdf9c9083cf43aa666b7526918e247863a69ac72c05e71214378f066a7a27b62f742f5768837bfa536e66f53315c42b9893cc45aa18867599ae298a2f135b74663e221cbb615328c6c7148e51dd3b33904ac3b88f401ddbefd43d0879865e19fd48a5da92dfcaa6ddb0e99941165b01c2404508394e695dc25a15db4e75c18a184432338a258458215480acd6f700e2f71099c449c19253f7375b0d77bff0010cf505ca00f2fd7472ad7d540c151aaad5d4ced38638da7e1e03849ab08dca4899bf93b3894a16b40ef99e807a11e883ac3cc316448e11bc6da56d1ad872862718c548138a0061f24628b25f7a7083cf4aef8fd8e9677984fc49a1df9cb3ea251892a278b3f16a9ea82a2b5cc2699ea19f0a18ded1f780cdb81108e12c429fdaf51e29dbbf121c0326ece8dc53b5ba71eec3e5cf9c7a86074c33b4bd2387593260400e7141e180ee3c1c18a66c6454b5348ead5e96ce9ad2ad4078f4119f5d70a90af6a278e9f38692bbaa6bb270d7b40f0954b57e995b25f2e8af5e0c1e70a6ea387337e19f688f1884e704727306e294b915c9ba28dc1fb6a454ce9a9d9edf11d58be70f451f28f7119aeb6efd6ac8549bcff0010ff00904b56ce73783db574de9f6b0a744e28276da668ad29241340536e47b7626ec5fdb0fab32e4a532a1b6a980185c201b2dc2f0d31199803cc466608cf81fc0e6342413c30644d081fcb5868245fb31dca295ce1dff3d38f4a1d61e418e1b91da1a81649ec8ba0e1ef5b9096581462d0ed36801c5290842b8785461bc52c0eadc2ae466645a12e4bf057955a6d4ea877a3c455c18a752df0c211c2fb044e64e11c6f9ba6730e1043701ff127c751a04026f9d9ae8eb9f53c3a5cf4f9f267a61e983a0d62b2bf6db5dc27b5630e4f8008ccc5334229290e38c19c45dc02717516701f4823a9583b5a690968a4e46f7b557b4ab875374b747fd3cc5d3dc67653ac52fb881d605e670c801794c73d938780b42c1a9de6eac0b059e9f5183fa20721d50b746d9bbf1efa92bc06da6f7d33ad518e7f0e7a2bb124c28a42992423aaa71a3a4d402214b022a25c4ac50d9d75bdcfa0f4f7a46fa3957a7b2a8d35d5254172138c0337c034df330b00b0539c18853d4747b6f44abf5d96cf676a7531568d1260dfd387bc7682b24d5aa26df75c06c26272b66b41d58ad522696ea636b9520555722464408e1617054db8210c68636228a4aadc4d29a153d5da2b417fae4d655f5306a11d55d5595fa82f05fb80847ae0f0cbae993b3d5bf42bd6964d26b6938dec6a23385a4344e26404bab1d58ebc7aa07401e73140e5d56d3f3591715492f10eee154123354388645d9e988537b4e54bc058faeeceacf5feafdbac42a7da169284a8768978b47bac570bf8f2e2a954e2ad882af842c51b0162c5008835ccf0582a2944d9e0f52c789d27ba4d66ddbd78f57cf983a6ed237297ea559725a718a43a8e512847e6c9d8a5b42a03bde35f7361080100204763b66e04c4c6cc41af18536c0529403024c444404e03851137f268edc6371d87e899e987ac7ac7ca1d3888103502e435d575391050a56a400da0d530432740981ddc5734f365b7ccc4009f67ff00e2ddb9213ef89ae0911450e05dfbc38ca636f5167666abff002fa367c99f42d5bae7d034fd73e4cb73118300b37f0cad3f0a59b2916620418e437110c90418a64538873c047ddd63ce7c4d0aac7d2f50fbf8f741e883a7ed375dd8dd51c995eb018fcfc36687f82927e65f8cf58864786131003a8067de075506a26a455d258ae52f49fbf403de7b443be36a21b99cfd7f7aaabcd3ff001530d87003039750f9330c30b067d8a3d441daa698d4feaf60f761f2e607771eee33b42d39565a8e6e627fc7a8bf2ba9e21c8724e9e6daec07cbf6823d41f023d5f0609f7ece555f1769f4a3ebdaeb6e34ad69f6707543d83d4f4dc36cd8a3b87f04d4e12de41eb375041f8ce40600c19d97c553281ea23d08771d6d36dd2d72af08d9e2223d55653266c9ff002183da60cc68af11b17cc6ea0830bcc33985096b69cd62f23693e998e9c537a21ea1e8f3d3e3a61eefae3ff8b1d732b5585b287fcbeea2dc751b7e43f070c0d28fb902f299ea1199830c3330060f38650a8819e90911727586c975e32cc0e887ac7bfe7ce3e41f2075074fade5dda5ae079e202829c5d60321c1da6489b667908e6530fb56099e7f699863600c6c433e4890d5582f165201726ffd9afce9408fff0036f20fa68f7bd67ffc5eeb9290d0209326c723cf81229c350b5148c02f122c1aa2210d5509e3953c15153c048067c41eb0fcd11e7a546dda6c1ea19ef9ad47d9a5aeff00c830dce6207336799826cc9b87cb6cc621067d89f3d43046075a23cf48c0434cbba67d2c3a5d7c5387a54e072611ea0e6206c1b1ccd0a199f6387330400c0c09ba666608f500ccfb50f9b19a781b2ba4cf4d9f4f0ebed127dba5cb8fba7dfec21cbeff00fae79873830ff39e703ab3d46ea4fe7eed03266c88366bd38f50f50f41ffc4002c110001030204050500020300000000000001000203110412502131102030404113052232516171335260ffda0008010301013f01ce077145872fa2010e042232c68a9a270fc51d9bdccd13ad646ee11d1028e5910563035c71bbc233517aea486297f8535a3e3fe903429c2872b66cace56b62a2c24ea9b0d7642320e82a986bf15731e19289db656dd95a62f468d0a26be871a89c1a083e533043ab02b625cea95ee11ee50da9d90ee5bb2b2a7a0a3070d5359fec14b11234500c3a2f70bb76230f8413850e54dfaab1b8c2fc07cab56fa8fc15a297d9e10dac8f533a369c3128dbad55eff98f0937ca9bb27feab3bec5f17eea595e742a38cd6ae45de02bf652525053374072a69476503313a89bf546441d53a2bf9b1494fc41ca98a3ca82c5a2b7fb8a2c34d1162b87fa0caf928a0a1970947aa50eeaaabc203491a7f9570f6b0fcb44fbe85bb6aaeee7d67e2e4ae4e78b51d0e8af2f44d137f781e0329287019ad15153fe1076e790740f11d13dd1e41d03951b0a0dd3a170e77711935bb71480158c1d0852c18c620a6b614ab51d343caee23223c9674f5455480f84f2f1b142bb9576c1f71c2aaab123929e14e114858e0e0b10751c1615802bc652227a032586d5d26be14169147aaa34fcd503b66abe7c96e450a96f4c8cc047406465015344d6868d13cd0eaa371fe951a5ebdca6648ff821960517b88d9eb1078c41558d389caefdc0bfe0cdb96bc28a993144a8a77c7f429f339e6ae5555e5199043321cc7323991cac738ec875cf4873d7b21d73d21d7fffc4002c110001030205040202010500000000000001000211030410125021203031404151132232612333426062ffda0008010201013f01ff0051951a704708d3c14fb8687ee9b5d8eec86074dbdac5832b7dac84f741842a771518a9dc35fdb423d30aee8b9d5657ebb2fb00ee8d4691f08edbab77e66ca3df4b0ae837ed971554336c88c97021547bea6c5566c08564fd804ed2c2bb1fd54f89844fc26551ed5574ab2a020544ed2c775774e599be13935e7d2209dca7bbd2b3fed044a6e9615cda65fc99d9340551e2101ed593e6904e4c76f1a58551d0d94f710e2b2ca2158d2cb4f7f69c14e57e94142aa7f1329cede5072b7a7f73ff00809a20272ab4b321a406a8c2aeed2a934bff0054cb2a8eefb2b4a0298cb81c21468cd1895123756d6a695477c20805994f03e7cf218944e00733a3844a940accb32cca70189d0c703dba03be27431c1dd06e27431c1fd06e27cf9e0383ae536a82a793713e7c6238567430951fca6bb26c553aff002819e2dc4e84385ccfd66135c026e53eb0b477f8950a14284313a10e0f60737294e6969ca54acc559ba6ac610a14703a10c6b5cb59b7b556e6a3f65ff29a20fe4ade953a8deca95a063f30e81d0c2984e76632533709cd42615a3486efd13a18c2a5813bb14161ca56573b60aded727e4ec24adf84a953a284154a4c7fec136935bb35650a3085181d20739538bb461d4768c3a87c03e30ea13e01f1879a7403e10f1474cf5063ffc4004f100001020303070707080804050500000001020300110421123141510522106171132060a181b132524291c1d17223621430a233245382e14043b27392f063c215543444b3e2f13574808393a3ffda0008010100063f02ff00db3a90d94395232630a29ace453912d803ae00ff0032784b7c0bd57cb27e5a42e0234851a37a993223b0c72946fa1d19479c9ece8e853df16a5dfb2a74f897bf7081cb3dc8b49f0b2c1ba91c73c124932c498b5c50dc22616498c62d9084bd4cfad971194590dd2e93b8c54ab552f0f039c731e8daaa5725bee6a30df94af6087aa2a5d538fbc759597fed12bb6af3c25b9da06b6f319142300230e637a2ab9cbf7b5699d51b7dc3eae8cadc71412db62f289c821ca9b4343529d27cd4e7ed89aad30d26c2270b9826dcd1622d8b51d5165862c95b125a244463380461c7084adc50555d3fc37be566576fb7a30d5036a92ab8ebfb83276d906465c62e2715627ce5472a5b3289a2ccbe094484c771825493e8b224a1d717c4674889a6531922f8c3ce9648642d5769eafe0b96d82781f4f7f462af2b74d26139acc7ae2cf1624e78150f895ec21364786359b060c92a4f6c28b46eab788d76cdcc8a18462a1c60c7247056117544d9819e48a3a95125dbbc9bb3c6f8b0fb7a2ce3aaf0b69bc7b21c7d7e27545c3c498a76bf15cea84240b12230e694948b614b6d2a083984e50414f6a6d061b70e2854e249f122d1be2ab4728ea3e9e5daf5f577745b49b99790527d225eb83140de44a4aa0730979e4265932c10c30eaf36f808769aa1a9e528b20cc05030b55c1793961c4ca528a755ef3024c51d515ffb47405fb871e8b5609cb942847d610af9461b7973ba96d5297180052b8e70897cd9c4f18983175b514cf2880aaa5f28ac6d36472697a91a96620449b702e2621433885ddb47588bb9520a7aa2dc1cb27d62286a27ae1b0dafde4d9d1573f8a8896624430e389499a0813b635ee6ae324ce5051c93a929514aa6d1d59004f51109ba5250ab44b03b128743c69809aae79fba70a7294fcce91615a9c9a262f001406eb3b22fb524094b56c1129ec79b18cafc715c5e027e708add1e57307ef0d7afa2a7f8c88e24c31c8f8c1b22a39697de9250e5e4debc9cd0a729995a5c713754abd298808426ea136019a046b2418d548e63bc84828b5693904e142f4e4b13820ce6854a2894a3752b73915f0559d1574e6791008cf0c20e41eb8160dbc224a12da76388d22e869352d5d4120e48785228a9b16de9630e8df386dd42aeaa73128a7a9499879b0ae8a566e5a0fd684e7128a504fda5820419436b714017552b72c4d08e50f9232c00aa671851c8a22cf444ed28ee89833d86294669c14f9728dd2ee849f24ca2949f131f08f67453490f24255f5841e2229ea5b3aeca82c430f03f6899c4f3c6400424a5d4598eb591f6a3d112a50e563d3904369c4c1376e0579b9b62adc04520f38b6547b4c3673d907e52a2515f4f3b5252ae8a6974ff00627e8b60f646f4c39a2dd54969d7677ee8524e222ca9a85209f3d57eefa62f1aa684ecc235d6ed49cd826277520f744c6cb83c09c6109cccca1a50c913cf6c1df6c7207c354d941e3d14d22ce5729dc03f94c1e1dd0b38ddb7be03b4ee142d95cdb58c9010b2966b923e237915f286e806c338d4420764641b6e378e7cdb115070bd762e6325c238424e48a3a84995c705eee3014305098e89cb21b21c6f0b8a5262ee79f7476421c696b6dc419a54932221141a41494d6fecd7807ffeadb69892677764a2fa533507c0f4d90b69e175c64c9637c4e5624c4b319884ac4503d3bcae4ee2b88b3a295e920d950a3d70919409c71c22501414a65868eb3becdf080a5174a356f28eb19458008d754e30d86299857814e254e6e4a157bf476c690e4e4509506ccb3818c388395328e10332ad115544a3ad4ce058e07fa1e9e8a5604fed4f283b60cb089f9314da3e9a7ca54ae53f2465314d40d23936929ba0e52658c24e65287d63cd2a5192462634869ba81aceb726907379a3b4c29c70de71d515ace726d31792664448e31727c229d04dd4d624b2ae393afa294ef4ac769ef75c5b888df6457e985a755bf80d123b4faa14f2800a695792629d6af13a54e7a493ccb61ba7483f3749bcee6945268a42becbe3ba3a923be018b708696d8009b0c00b989606187458eb0e2569b73436f23c0ea42d3dbd12b2d3145ac82fa52a172f6b4ac831747f5645030a1271d6f96738aed8e42f148554227bc6510d205974730a45b0a71e211753cabca393fed1555cb9fde9d2a00f9a9c83d10445f50e033c53cf15152a2d4c0536a28dd921aa65ad1f3ba2d4289da5390f440d557bc1a6f048c54b3980cb0a1a3e8d9a76f229dd75fb3be087b49d4a507cc68f243eaca0cf2e3be27147463fe21e4b437ccda7d100012115139cdb9383b0c5c0098b71d86dc62f62db3acae39213a35a57de3481d6dc8fd3ed8bbba51c60f928b06f861399b9f5ed43cc3ae34eb76a56855d22037a5184d627f151a8e7b0f5404b158969e3fb27b515ec3d0d72b6ad5aa9b129cae2b3085555539660db63c2d2730db33012304c07e53468f616e769d51df022a82b02d2bba30117d37120e13546bbcd81bb18126c2c9f397ad0a2025b6d02f28c5455cfe127559f7461b2e8f139d4200160847f08779823996180862b56b687ecdef888ebc3b2134556d268ebd5e0919b6f1dd98eee85bb4eda8fccf4712ca331579caf4f76dca27175635b3e430547136c691aff00da553fc88dc948f6aa154e933284daace7342da589a1c174ca1c64cf5152e30d29430b38c61174e1dd028185fde348d96646f2fb237c29766fdd05c579d80cc3632acedfaf9e95a54a429066142c29df14b5a65cb1171e979631f4e3dbd09adaf9ebb48935bd66c4f5c4c999389cfb25cc6a49536ebaeb929d93d6c7d11cadba98449420adbb2a522c39f7421b4e08013b16e294129489927011515a49e4a771907cd40c3dbdbb24832cf98c5a53d822d5abba0994c9b2d8113d92cdccaed14bf124fce5bdf8057aba13a3a901b1f7d4e2bf28ff00aa06c273ed629520864282df5fe1a06309013c9b0dd8da33083216089ed36c0d1ecaa4f57f8be4b597d387a79c4f9a8b07317c799455b393685dd777a0d8aea8b0cc7423475224ccd330a5ab75e3ec1078c4a25b5b3724e561e5567e4f9a3d7db0040dfcc5971610db692b714704818c54572a610b326927cc40c073643c4a8944a07254954ecfc96898f87a2eaff326e77c7215cc394ef6375597dbcda075c379d6816147ddb0754ba11a4aaaf5e497d4847ba9b07508571e653d3267f1dc09b320cbd5134a6ea5360ddb06ed93369c8239573136c2344b0497ab3e23f2c43790769ee8f854358e7065513ff2f71b4ff71494fae3e23942c8deeccf508d7aff00feba652a3e2bba41ce171a1d7389ae96f9fee552ff00c302ed0e8e12cf4fca7ef44db6db6c8fc2690df708d6e517ef384c781bfe58ab75c42395a201c6572b52662cede61dd1a459383354143b53fa3a0fa42b01baaa6a75ad3c65675c11be0ef3133b5dab50d5a64dd4fbcafd10339b62f288091693175869c7a58ca3529427de3fa62f2cb493ef7e8892eaeccc130545c70a8e240009ea8b42d5c5663ec1aed4ce35404f0128c79f5627f6ab6d1f5a7eae608d31bea11fba7a0ee300ebd73a96fb06b1eeebd84663076d51f2aa40faa365c42aea9e752dcf8984b4d8ba84e03e9e8989fdb54de3d893ede6d7abce554807f90741e8a801ff006cc72aae2a3ec4ec73988395ca859ee1b2813e5d483e8fd434533f25c5feef36ab4638642b537dbf7d3fa3bba0fa56a27347285b6fdd4ea8eed846ee6363c8757b34623e513d5fa830d7e052a7ad4a3cdd12b4192be76d0fac3a0da42b27234b4eb707102ceb85f08940e1076be7c970fab651a7c8694afd42bb3341b47d41cdd147355b5fbe3a0ce320c975eea591c06b1ee8e300c27873348a32a5d1ddb267cc63d7fa86967321ab7076054b9ba21b978aadb3d8153f5741b455103f64d29e3f98cbfc313cd061037f334a31e5212beb8b0c5499ceeb691f4f6e031879f38bcb2e7a4f368ebd22f1a5702949f29397aa70dbcca82da79216850f381c3a0b5699d94e86da1fca0faf6a7de83b569c03ec293eb836ca2bedf0a929eafa7d22ff00e15338bf424c0e6823182caccd740ef27f94da3d7d05d2954d2afb4f5428a0e74e03685405795b5b20c884c25376d39614b4c9257e70f3b8c6b5a9ce30fa6d2aaf2dae4bf99413ebe7e983e6de6bfc5d04d29520c94960a13c55aa3be0f31b3945900e6831a3d21b538952f5c0f272c28a05e4e54c1612bbaea2c2855846c9ddb87e4c6a9be3afe9393ff5152da3bd5eae608b7656541ff8aaa90e0948f593d041417bef15ee2484e64a4cc9eee6b8df6c4b3eca96d52bee531b878113833cb01e695f36a9460b489ce051d5532de6c09959c00f7bdb03cd579271117a3c95f95171cec390f331e768b67229e539e84cbd7b06cc364a345258334a9abcaf7c937bafa0940e72e99394d22807593251ef9c5931db19e37ec49cf66daaad52957e8c04b627e50339f640df1289c84ce302cba4604448aaf6c2a6c4d6d6b0df9e31e66318c6318ecd14d7f15cfdd1eddb6ed9c3d4ea36d1d41970509f7cfa06fbf67c06d4e5bb84e1dabab754f543e6f2d46279765b618f2a0181b1da7b6e553267b8a6df6fa63544e5001b088b4f36adba65ada6dd93c003202f63d738d6b8e7bc9f647c4607e5545d6d442fc955876e3b7443cbf03946a29dff00157fa22f2a0c814cb3e58d64c5863744b288d2d98adbee5740f4acb1f99bdfb8627955644846138c823c500e59ed64b92e4eac7cdd4af226448fa650526c31e0d9e1ebe62a5e6b281dfb42924a549c0c0904cf3c4c542877449e421ddfe131342194f1998915253c130da6a9e71f0c8936166611c334591844d3e88cc633ecae3e71aab7f90740d6db82687014a867062a347bde2a69c95e58382bd1167a6356f012b6719f65b68803671808ac6d5f3ca748439793f68322fdb1240d5e3b3c20c6b24a22c50304aa0acf9cd83d67e8247683b014ab937322b21dc63937d3c9afa8c08ae70e0e54803b103dbd04a2ad02c7e9f933c52af618b7d11c237c6062d8f87354f20c610e3e9ff2f64e577ed3f97db280b437cb547e33d6abb3342392378858c2db23528944fa22da36d09cfca7e8825d0d225f2a2eb0d34bf49829abd1eb4c8f899727d47db170690530a3e6be9bbd78432ea1d6dd05b94d267979b3d80c4c63b6512ca2250a6d7e2cf9a3907fc49329c2d09b14cd4aaf7681d045be9137347ab95e29c15ea3d904e59c1dbc8d3a52108b5c755e16c7f592029a472f5595f705a3dd1923ed153dd02f952fde3124a401ba276240c6792392a369756ace9f07a62fd73bc9b23f668f6c20b4da647112c62708de910ef11cf97366206c0fa04fca19e1ca2bd366bd9247bc8b7ba7d045b4ea42db75252b49f381c443d486f2983aecacf9e8c9ec896da56c264e388e55cdea3fd4a1338d58c16b5664a67124b696e79567d423ef6f2df1e4e08f4449094803742a9f47326b5df2b0693dbec8a87b48d5afeea85381b6f51b4d9d7db12194e30642cc90e9f95b0273da77081aa6473e3cc9fd085a127e6f48db8eace44cd2523acf4154e3499d6504dd6fe527ce4fafb20ec13c272308bbe19591c225891b2d328f86d28ef558208a870a81c5230301ba7426fe4021c5567c42e829521264991ef87a91dbc43675152f1a7218b71873ded93176133d6964dd129ab864fa2df1c9d1304a305bcab1a6f89814b4df11d5eb3ef91253caf66ee82ce2b69aec9be50adaf71568feb76c07e50861a53ed07d2020a54a92818b7031aa90a2626b5dd898133e52b18ba8bcaf7604d5741f3536931ca284b32736ce4ab2999a9464be30e0724295a3dd55239910bd741f58eb823ee6b50b6e876d3d50535348fb24674d9e98c230e6e1184648c9012d216ea8e4426f42566945134af3ea4dcfab8f5407748d4b9a4143f660726df6e53d5086586db6596ec4a109ba94f41d1a529d179fa012740c54de7ecf5c1860675c4f22358ef31745617dafc37c5f4fb7ae04b52a93e360abad39c44ee01c701054faf9539bcd11758925232e489cca95e51e61e5eaa9d9f7dc09823e7a974ff6d25704314b54f7bd240837744e8e46f5a6f9f544c25a6e79129908f10f44623d118f544ef7545633a4a85ba8afa45df0b2e2d37db3b819587be2cd0f49db33eb8f87a274727ff8131ab494a9e0ca6355294f012e8510a0140d841c0c3a96c7dc6abe2539cc32a7b218191b9a8c2699388d65fb233407195ada79275549322930db2e68fa575f48929de50a6fefbb0e35a714c68fbd2e4156f26738263ff26d3bfc24a97dc2254f4b5d527780da7bfd51f75d194cd6f75c2e774a08154dd383f84c81df383f38d215af0390bc651689ce2c8df1c226463139448a60425030114758ad5a72ae49eded9c7d18f645968e8768fd1a306017ddfcd60eaef8524341e2ab50b0b901d504aed52ccc9cf1aa272ea8b82db98f189c04f90211c39a93bf64f3c4fcd1d6766482402626a504a530a57889c2133c308a452d579ea4fbb39f970ea974349510122d273456d699c9e7353727048f445d5761f26257d3bb5615755796ac4ec021d540e724f618b0c8980848c2266401817419e7894e5ccd25444f8d297d238587bc743748ba0c96f239047e6b3ba70a3cd52bc913854286fe71044d2ac62fde71cdd76516250d8e133178cc9ce79d4209d5a89b07f30b3ae5d0dd1da381b5537d63eaa7fc50ae3cd3f2ccb62fe9e9aa51e261c4b83b0ce12e20cd0e0bc9e07a195099fd8b4d246ed59fae0f3508cd6ec3bc7d388d14ee252c0695c53abeae86552d415c9d5210ea0e43aa0778e72959cec4effd42aa949b699fbe382c7b41e8655d43e993da393cb30bca0cc09703cd59ecda95663fa86943fb10da013f2a665d53e86697de840fae980ac86132b67b528cd6f310777d30f98d138b6bf197a8d0fcc7d5150872a455545594a97753242259067c71e86695e0dffcc4c1813b5113d8a5673cc23c93f47ac65166b4668d10e79546d7ee8e86e96f751ff313b73830a91b54364f6919f9f336478af7ba271aad1ed3188470113512a3bf608d0b3ff4c3bcf4374bff000d3fbe9fa10a19206b48ef8fb44fa62c5157011aadacf5458108eb8b5c3d9644cdbc79a204684ffd227a1ba63f8691f5d3faa8d9a127fe98779e86e92f945a1ffe89fa63c39e9811a219fc3a2687d41d0daa1e53cd0fadf48361e7a7634d8c1b4048ec1fae7fffc4002a100002010303030403010101010000000001001121311041205161718191a130b1c1f0d1e1f14050ffda0008010100013f210233388a3183817c834de8a5d98dc7e0bb1abe589ffe61f4da4874dc58618845330cc8c8404cb06efde4634d80d1d58c833f181a67d703ff0025832cff00e134c7aee813f0d862f6c7ba02423db24c6624206d0b645d8db3b013bfdb3ad9d7e3bb32c6d2929041138941c4fcb0811bf56677cb76129ab354598df19d702edb23693b41f82d86a92a360da2a8bb63b671a4c1a34bf65741e3fea6ce53513f5d3d11807d6064f7a2528eb8147da508c8260afa8a7d43e07c3dc2ab2c7cc3150cce2fbc9744e896ff00069935c8422edf236f6ae3ce459f259c7aa322afabeac7c313ab14c48d8527527f639983bee1e5be869910fa8e35fa4b8fbc5ca71d77428811751a9f69ec993a328020d661b0e68f28fa3e4268b86a21bf571d9f5c0a7c66ceac3339984ba6e99d526062cd261d599cca2a861d31046c15c9a04a6702fb96f8128c8be130874462db659aa0a2cd39c9308c92c64e95cfa859414a4886807016011e1226810a4f74d84454820a1240d20c7d969d4dd625215831ea9b627b1ba420223586b09acd08d0f766b6b892d0ff0063db8c0f88e048ec4fc42dd89679d900a0776edc4361b0df7251de7028cec89280f4cdb0d5b3df6cc20c3a77c7a6fd1980cfaba3338984a1124a0004928d95b9a89747371f034632af9ac9a221b452691007549032c98d3b2089380d459289b439fc9178162d665a81b36ac5a414c600401a1d3b1668e4691124349e597911c947b0f7085fe22d5966bb098677df0260a6bb009cc6cae0d5b634c0abd19757489abae0b30ea516d81966006599676462ed82db85c3aa6f829729fa4c1d6ec221da5a6b01a92a4212502816a5fc06a6c0351f6ca181112b03d136216c0dfcc8e062ff00e16422a5fd58bac915907f63cb13490249074fe2260bd25af6464c48c000ad5423b30d5675cc78e9f04923e2376fb611bad56a1986fb6df09dbf9dd637c1aa1023e19abaee05181f16b260019a113fa8c92a3325d512716558f44744881a1622000ec9509b65e416aa88c9034bbe6c83278373da536a906a027dd2990001e343dbf8854640497e3f7863e88305c06a12fae86087bfdb03e0d371b64fa66706a53ff981419da59437b330ccb3d1067783becf92e33abc5025acc51dbc83ee50374c1f2ffac4dc000060e5088e1ec69d1b522a92f80c11143f845a94dea23f882a102c74020a321f63c8909804a920af49f23eda8681529207f0f5219846d944c278da4a78d96d3025967e306322a909de28ced101d107360dd9afc164145b60b606f99c9c612218f05a099e605fb5d9704fa692430c020086021d740ca818f7453d20b3c0d20ef7a000458d431eb0c8017eff00d4acaef23fad7688f1b4fe23b0072b16dd80242736b07546cd5356371bed2e9f346031a31f08698282eadb75c22adb2774ec1ec863e136435303759fc6d1ab347d00fea1d6083712492eb8f2afd22464ea0aa855314839ec82cf34d44008e1cdc09302269d59ed10511b008b094f005344194c90254eefe300380cf819fc88cb11e61b9f589f3816dc5b6cda4c328a7c712c218aee2370b3641a6c8de0c32506984c9637839061069f09b250a489f3549fc3073908018714729feb1b9a1213005cd01303d116a048894e844800a9ea8d84009685a752a89be054ce79a9693dd15a192753802f4227946b35508486907092411814453e11130111e11254240456c63fc4c4e9452e0ff0a3374401eb48fa84a4205725ab265933b660e6f837dc4d59a33283467096c4a29f04203399651ff8e6423236d79f8665ff00b5d8d023f893a11603cfcd02ea6b2c451ea01160758ba39c700c92012893a5931f21a243d5c348512a4ca1453446ca2cf982591e3984c815c7c4d0fe130c6a87ec8241f08a1c0ce9be305306676b56bd7e0b6223e18aa46d1b8984941f901845918076147c103409923a54fe25fd29fd9405502aa38561393310110c033154cce2e0ca0475b5a9050bc610f40ccfc326a5440991d052e8a6589084eb1128c090622e24ebeb2995083a81507d7e90b89afa915f7c06304ee9cc330df61bb3f306fb88db31b65943ab356717184b2ce139d59e9bc5113ca374faff00546cc921f7ab02203e640087a24d7e185cd42e2e3d100a5141003e468117b84387aaa2d6a352455028417429464744e2eb088f4740cc5ee8e49a8c1f296549b8ed3ff5291defcec599a756770db60354df613bc19df7cd4a446f0d82dff85628dc92833b0ef8a0906d536426d69f8139c15c6f07f850ef3081d2ce9422841279334640cd5a0ebc51ac92a28554e849a0f294ca0524ec7d1e3a248211226979704090000443d87fac27162807bc8fe2529024c7ac212161fd420ef99494df366db0db6cfc71010c1aefb6c16d86ff0015f6ce6df2acc580933a7a87e0d27cfbc7f88ce0ea0f6a7ba6abc0e4d9a876fa4f2a90924ea5029f40ecd824912331f5ec8370903ea451ab634000a0f018011080ce802504a95f3d1183ac41d2a4b0af0e7d1910033103e9fd0c0f428762938f50b45bdc22fba612769db27646e9dbaa28c75c45537d915dd667d536427e0259eaccb641d9766ec03083b265aa3154d98584f76a87bb45d807ba108012a63900fe0ebdcec98b7fc6e1c8b1f6bd170968023506a8cf6625214170037e4864d52035543a14546953d53ff85b1fdf642a628b94a60e93dc14452ebfe597afa5912857c118dc828a6138356e949d84d774b2cbaa5b37cdd0764ef11be7716cca6fbd3817c8c83b25928744d51cbe5346ec1e20ff008866c988f92fea6aa2e1eb628d3ba4af90424385f1044e381d1ae888122d6468aa430084eca03af2c200199e410cf003a7ec9b89a3380bf94662855471fa5312135ef1fbf96f534e3d7f0861f049fab46ff11aec32ebb096fb26af796593b0119225223ff12599c78c4f44b3545f5c8a22d806702ece659c8966a929aa33eac1321bb12423221cff007a35361227c9111d528773e190411583f54e8eaca0095124ea697c19030181c68d8051ed2ca085d95d31589809763f420f9c01c8824f7027f0805898b891562126f494312beb5a861ba319b862638a12067e0efb89aec4a4fc50cca4c0da3ff8dd0c649e9b023031667335c8303799ae2c50dea2ee228949501e948f6941415294381505dff08ab4c74f142524752664a4240497ee00d208a1641164325919d064899d89e107f38c0fa7083bf3f164f52d3f97a8e129e8073ab34140dcce859b30b0da89f60256391ccb346fb025d73666bf1c641d876174f92537c9cce138174e01c4bae033814390c95360d8a614408e89043ed8c05a451d62a12f607f290647abca1fe9ea8fa22c48304ff4353729f1bec5ba0620d53c5a26f20213f9065e1d3cd9316808d69baf77a2612d44d52e02869323d46725edff00e263d240d124a627ac5d3993d9809fce64b3cb3d77c9d96499cead8e40671ad935c8dc53e7e4bbab7cdf053825d732832cc32eb91b05adb12cc3259928d40e0091c26de0be5302d066f794ca844a423241000f10616ec941e6f6040f09248c30bd6f011286410c00ccc17d035bd130640321d5e0824f8063f86b08869e2001365a848c9205006a4943acc3a9a04c58882c2bf35b8ff8dabeb526c8bc453c62507793093399ae09c9b6176062ccb2ce135f80cecefbfca73277138380700b28ba1967683b84f59803dd913e6b49a7eb0081edea74df5b28eb0459a8cc91b93500bd91e4491e9b01e948f8449c740008002030ea258fc1289a430c0d49f21870348618fddda1eb5f08e278000d466bea81d918404512c48937218c40a2dfa8a101089a3dff00c2313d595108b480be842015383cc07d4a19931098f02be81489568cee1bec29d86d8b66882c94fb600df2c46cb3e627b609cdf22d89c0c0dc020b2cd58ae537db75be84966a4124fb6becdc949725a952521c26341ca1d721ea74fdecc269e4e807f9be8981026b0d32ef880e417083928a420683bb8bc3cc3cc1aac8ec69e891662045ae4b3b40c404d2dfaaa7ca754602609a2948bea142b840334bd04ac2d129982ad5275a301a02e8e27401c43a5de408acaf0c2a255e029ee83eb8946d4a4ed3f0833f09b6c3f2ae10939353b01c5c828c04601dd1279637a6c591f7823b03aa6e711372740468d90170b3f868a0cc5dd19e8864e08fd9e882e1990d9228ec98713094182ceb2699d1a1f22a999c81024580d0a257470862bbf550c7af95457f9fb1e12408301594e4846a2c3469fc29314811088075e38e2a608cc4dd3d565590f7844fb23de13b2819007420b4f628540b643a501d01076cbaa5be4d3e308bbaefe99356d92515c4d774a6b837c4e097cb66f8ba300ed0aec28db0116fd64a7b029c841b50c92d4b39258be776a880c10b817eac969448414cc0911291ed0f308e0602e3eac2e9ea288dd1c45de6de0cec042135290d5094045493d033e8fd8cba137752493e00280489e8166528feb57e8d9fc1d029a52494cf40c04730d5e627038685128ec49d0027381017883f270304c32ce04ce659d93839980ccbae35c0da42698086cd5213b4b39be24beccbacb3cec17420e659c05aa4e0b28552b88c7bfb1129c0f7639511a91c027031b12c1850a923f508b4011047fd11041004120034b09224344d17e89cb13840d407edf4040f10a5496b45d2113ca0e00d31a9d73a9654a74e6a827d5f483d1985286a072d1c4ff46547c80895404a822c5be41aa6ecced37c912722ca4e0e055bb646d2253939383bcd72b66276032703029899c8efb25961a08790a07eb7651de14d4220700cf3d0314bca4323ce53478123074647ad653e25a82308152dacb811491e802023b6e977a2a7a92c02ba3591372850b1486e258ec8061401b41925f0cc5fb066e10bc887de13e148a5b3906c1d416a4228ba572c2136791e9b12721eac2e833f06aeb836432eb837d83206379c9be756cf80e0e0dd39d714437645996720e49408072530493db8a5ed8d59011f74892ce0022aa4675495789240002042c02c129fa3d120f594b2228eea54599bcbfc081690b908e8f17a75220553993ecc4fa01f653242b974e2f04fb62ab4e833d4908c937d5f7067e798cf68067253aafa9237d0222cf258fda964ad694123c947dc22008d1ec0311db84c1f28ee6868cba2d5200e230c1416bd367d334ebb0e25994e06c26515c0a0da6cc48c4e6f837f8354d9b2704c60d9d506702f818b3645b6039164d01c09fe279d5c9235652f5d6883487842743dfdfc00fab0f8d47941529e5580156aa86c9fc031e5f61487e09a900cd67ec1572b908fb0fdb5ad2245077ebfe084e50f1ac9f532d88fe97d1bc91f294714c43163b68237d3f4472c593401d176544489ab30d021e3fa3ae2529659093399c687e20712dd06ad769a64df24537162ad9838374a7ba7228ce05b20312f63ab7d838002c6b37e1055238406a0e522f010d784251ea247a0ff0044220340cd40c834d4f142c68dc7e43c9ebaec05166be52ca2cec7a81481487a67e60b00374aadec027d8908432716d9292f2ca7e02dd0702c838b1d761339393ba6a8d5183b4ed49c5d914da0592ca1908101d381ec7ab50c23b010d0006c6e1dda4b52f81f81f417fc358864e4945144cbaa4a59540b730a43ee407d14e4a544aa831745c43ce744c8f2651738d51b263abd8da9f28a8ca65d713922a9a62cc1a6e38b5b1d1b270538391774da93b2704b2001ab15c38ab4e3d412f2f952f5bbf30dfe870a4a21a6a09f507f29e00eb1c7a7c496478443864e354b11834a25b5349af540bb1fe021552d42e94a750113ac888f20a684a10ca0b3f0cb389f44dba6c17c03283eeeaf76d9364db06d8392505183929ba4e0a4c66c71aec196b9398e4085eb7f020a0264cf089e7e6fb86b84a85a8f4f7ffe1d43fc2ab4fcba604ce0d02066e9354d526b89a7428079909f12fb9290021a88a00386578ccf5260fbe01a6f9c9a8c4b383b42f8180671ae7bef3561866a929be2c9fbc1496e93a6e028508c83eadd98c92861559acdf8e3ca507d0509874288ee4be999c050872555f050884127a849ee0d7205260b32930934653814a89b5d356a7c857701ec0342a892d81ad12c8ca4700bd899927aa09df29b8c97f28bc259d8d198c0265d516466f82727626a592939d707072b332931b0194605506364b7c138d1c1fd61fd93047202f6f3311d08d5bd06859574ff00040fda5a800364a7ae7f7ff89295d259ae09c0af249c12746008c44e0925c04b38f7747f2de26d2404bcc1f86a011d49836c4b501497a145f166c9aa72786fd1bb6d86b8f7c0e701038069906b5662d9d704e35dc0cb660db04d53827658d9ba2bdf167c016b6e9c419ee6d22394271cb06b08224c7829c141841207d51b3e99922e584243d0540ea91e5a9f04b3b7659549bed7e833dc4a74cb0440c94c099a2636488113d34664c023807a5243c3a3a32ca0e2ec330c9684ee261964e019c075c06ccceed706e931b8b3b098c89875d831636436669b0d5376e0397a6206e32fa00cc14e5186308560059208b029274023d522c2291d698aac43d9dc9391f24a8ab210030c0b3902ac2b6862abd0441fb162612148201aaa6c003331578ec7cc394603198f83bc334b6c14c4a2b8043646c1b7c02583f799c1c1c8a2bb09d73a37d9290f476f15af573abc9c47219178559f8a27ce505fb67a341002a47a04f445e4ecc86ac3fa637f0c7d41079ab4e913528f6b2727a644282868430e521cb0e503cb26a8cc1c37d989007b9414d086a83ab001ac00cb415451a573aa1102fb496f56675c839d5305f1b459b8c0b22870366b89c1383f59253779d852dd350e8cc9ccc3356e8328c768c0b2306d83a24e4842d18cf203fe371353212b281b18b3a565498e5079d4009603c7d222028809fe22bc1021997ea66bb4d2696abb37db528789e2467464560fcf2938a0df41e8ca6259356cd509423abce7a8d1ba1e5291cd5de20fbb03d1e304155da8608b54503a46e592cc9fa90f898f08be42cdbe192c6c29650722a19418cd9259de2d06f2929494984d0a6a5050203144550df22b827236430c51b3d39a0b07a140004e35b8a1c3ed2cc226034376990f0054c344786188ab0048a5ca8f762e68221240c1a3360224d172cb3b5b23f7aa5f384414bd4d823c170d1e9f492011206c9796a5d38d53a2831842acbac9a9f024f63e977444c8638540216b4282810cc3e4989847c8e987097c56c5a5d325273128b6021065059f81ae286ec64a4ce0dd38374b7c6b9b118035cd837c5e880982109619ff00065e4b8f61c0028068130cae4cacbc20d45c34a2480d75651b4289160ee6229d082410009f10f04949128d0a2aea92527a36777954c60f0c882af80980e1064175aa7d128ba1cc7ec5a7eb98a4feb4a65ea31942326025ae5175e7401140227007004b1213646116e639156a51147a4c9210d1ee245fece098f934e76b5cd907362313b8a706c9e8cecb609ae0a277019c00831b1674ee809bb6225afc4e187c448d44809ae0113069016a46aecd8f7a058cf54145084d9abda097425950faf62cd843a846bd4f0812b15cc086685a37b24286141204d3ca406a0b480e35d13d934a09a003d909a7070fc14f67b33c107bfe13c153c60a718e331499200ea35a21e18488698370507751cd98684171a84d03587292ad2508a220eca3f6516097c06d830929382ca4e4d320e0181817c05392ea9c5988c4a12670526324d526333182a22e8d80c26f874d07a0823d19619c22baa5dc81607140d751602305239aebe1b25475408f2981096c78660b8a20b60514699441c44ea7dddc24015d45121060123aa3e0863ab1c4ff002448f64d530daa8a9a0ca5709d2d8b202e9abd520924213dc3332a086751ee8c9ad65a12b058fa83412c7e2042342cb0a23341820853e02ca6bc6d46c233308c0380596594e25263689dad304e2cc0657c0b67ca2cebb41a58105eebe9f446c5f72a6069034239cd4b4489260ec8c00bf288919200ad2e886155f1490e97fa91948ae6023d16f1af52c9e5e115b9223b9b130f5ff137546aa9021384fee19dc675a839a420a2bd14bbc01455afec8fb93e86470508e9dd248f7377a32c010ab73b368b8441a029ebd12509a33a5abd703225a845750206a2d0a61a4a7ca3c00675cb07d29e323614a8c868371da760c8a6018457129382c26f826370e0d4e2cda28768c0ba212918a9941a546afd0831e9d40dbc897a4261ac7292c24f559c9e357bb136c517ea07d4f56ee13ae886ca9ec303438432180d2448c42b48e03ea7c369ce6dfaa093126e4856bca2d71e5d380fd061235fc8c4980bb19f180a9022eacf14805804866494f69a063ef6bd51932462726a86bd2e08e06a6d4a7d9c05b70a30ebb49499dc72765916453689c6b837d84e099c89d9ae0605b6064424d32b125880a3c80b67354b9777177509417028fa012815300226828b15064cf6a782602892896ae583008d01c652ef8a447e9cb2726b99f617f328d00fa4000940d6840ccebafd4ce9160e48daf65c8b0660290474884012e117291f409a89d1302a5c24828722c40b6c3d132d50d2d0c09d42516a50faa0d52251238402011293f620d010f21f4dcb60a4ec366ee8cec9460d768a3336429d8d1321d12706db0f3836d82760ae05f0198da010c04d30451d21f9bfe6008750e5930b132d279660dc0f21680010d3601212342ab74d6e1ab0387560030ebffb7b244e1b377b94645202ed3a04c840a07bbd90d0424b7767b8f4321904d1ec7a27f9631709aa2d0ca66881891d51dcd26960784481741801043a0a0c7c2804c0191b04145ab4e11b1f1fd18f4127a321048a082fd034d1d49250dc5d3692d369aecb6f96c50769c13b252938ba761a33814db319d51936c1c6170c0c52ab127b60c2a0e50191330418ea8feedc194b1bcf213511e6e1044d13bc06c4074166d71d692fde8842aa6901f9b04b13f824eca5350c899a67bcf27e9028a3364a7de78162f94ddae27de436540c997a4c3ddbbf249fd2143e0a59a49817061fa51c4d5ad8b326c64ba9a0d00f5446e43ca56f500c2f64872c451c8a9ab48ebbfb09f59048a4180e8051025840488d819d853b032cd599c93be63166761be0e498c96cc1bed02981917db2cd3694b40884e4fab27b170d466233ff000410ea2fa8097123712e01b07646a11cce0790ddf51af51e8d360486e4cb5be1d7ca142d1a203b7280244ef73c7089082433009f09f23f9ef72828374f7a023dd1c07399df727d923303ff000814dd151840ec8140c2671c223b0a7275e94227e421286c682f1a188971fbe51c04f0d663ee125e8c3f087813d2fa26ac18c2cc6d1cc55261ac6e9da47c01be0400cd135193392db24b09c96721917c59194606b928021901203704709df99e3eb55eb6f6829e3697e02506420a39224787e7a3462493e7c8bc407980c3d8a2af0287cc744c740298fd323c134fcd5a768277cc1ee80216d4b3c922a684cdbd8e1f77871ef7a93dd141783d9530cec6437d520a080898d48dd48ba1301945730282d2b46206209d10f1a53b060cd284fd9dca97204b11628b3181128466536d933b26a9ddaecba769d9666a8829c4b29c6ace09a60a699984a845300e0b01be47c129818a0490683bc09f06d9c162ea2a3ea13353046a61543818d67a161cf02ab9509a980ed51895d9842181f4a23d315b21598ba599ded094e40cb13fa76f56c20590060109707407ba52dca08617ae3ca5d6859a00d47c0da9a267b9fc322706f922361becb6e8c91b089670ac0c8399867259ae2e6db458b848d717211814d82ed1108f2da118af0141801a948511c40e9fb000c2b91dc24ca114cd40c3349b61fefd35c7b8cdc9324b0ae090dd0dfd304d028d7d8c636dea33e3491e0729d55111144649cb984cc101e07c9fe20c3088b4093ea589adcf26b82aca33eab608edcbb38d19426e96cdf26f9b335aee8db6d84d300c6c4c604ee25d538374ba319af6c0be0601c043ab2ea19c5930fbb8255beef0cb9a184e029794431147032ab87a40aa09aa5a03533c1023ec9f94042654d2f6b96791a463dc1446497a925b04dca0c1c002a4417ac9020559c6ac6db669b099c689d85b84ec2e8d9b26bb0181896764a0b649c8e48afc41f5819a87545ce4b5df20d28e9ab9aa31ae1a149907e6c41725a4762d284f9670081033a2400e1033019127d4929ca6fd12d66fcea00fa473879b9048f638346fb494e4d4e4db26c93b0b3df23364ec3ced1b04b356fb86d83b41a645f01199db1ed82ce24409765ed759691093dd25984232ea32f29c0a601799a8832dc9d1245697496c653ae050535c115675c1432bee81a180236ccb34dc710ebb43659a302417eb69bedeecf76676eb937c0a6fb46059d51b40c82fabc23091b85880c98ec409ca8d4705211a8633322976d1a1e8d55c87b3eaa0dbab344d534f3812c4d4d5342b94db01d53ea4a4221747f6aea812db32d989d84c64b61a1d93f0446d35f926a9c13837c1bed06702c8be354571aa33641c9681a43aa1e6411d8e89280b41ab7776e0bc8c443ca30804d1f5de2a19644d2d89a424ca5261bf449c2744cc35eaaa3b9bb7318c00e1759caf7326b805070724ce4e4975ccecd7e3399db2cb3b86e9cce7dd899418c145b029dd15633303612357dc04ea45ce88024c04882de9609b0cbbb04dac2cc2d69b8ca534659eafbe394b467c26d154e124a642cd779ebdf8207b48f44ece26949024ad455469408c16ac62b93ce5664ca6fb099c4e1354d4fc46a3605f6999db7da9c0c0181818b6356d3b0078c42512d9b1027051854192384c4c2a0ea2c5a091b0ab710c91d9030ea94c39c07e8acb43b26d41045701284a2f7c6255d18836434603d4b39515e059d202740d8d83296d6c85b332e8cd360e3d992631aa59f4c91f28344df65c20a4e1ae4949d8ba6db566c066199c84d116c0be212c5ab770c3222b64c11d9208b43b3389354d0320a0f6786c64770f751332411dc126e8c5204807a984a456e3fe04a241bd62fa4fd9317a9094a0481e518eea796726e7143da10f9435de39839270695d8598f949d868534c6bb4d72374e4df02d817c0b601b60646d14cea6b0d550695ac24d02ac59018d0503142592a7bd8a7bbe2254424ab1af7804a54f95850e3ae15a4f3a0a3c424f929298a4003c27e1b8ee8a2265ea8a9166fd1fb1b04d522522764a6fb8dd26135cdb79d9ae4986fb4dbe15b06b88ab6c0c845b02dddb22f90db60c88c2627d609bd77b1959a32a0753ca3d52cd051d121298a51af614424f120b4120035157441888283349b25acb4bb2528313aa09b834a5aa8064f143d90e99b794df61d06c99c9ba6db04ec9dfaec9a6d36da4a4e49a609c1391b01d8176300b3b0668b2a9574267849891c215386a46a2ed03d52a06422b40860f041a5cb0334457b2606a50a709678d1d24188c1100a93373609b50e824875a9ee83834382764269825b326d826305a4a369da346ee88a9659a6d36da76138d53b3545b02c8be05f1646c9aee1476bbeefc608ab0c544b7c8163128443a094e96b13c341144925a4174c19d13430d544568d88a50fd2228020d66b77c03eda7f007e102106305d365938945f7966494e271fffda000c0301000200030000001003021000404400030001000051002c08000008020000e282280080002030000010000010a0021002010000080000420080002448001800000040000c04028008048200490010060001040820801c00460000400800000011088000000011400041dd0ad108000000bc900110000008c00a1c10414000020020820040048000410820010042016804010bd000020208004080000004000002114000000000008002000080800308000008044030c8288244002480000300000800000000010008308000000810104300400020a0010010c8050100a1090016120000004a200000284002040082003100001100100a0000020028000400801085cf4802406000408500010d04000420200000a00000008a0010000c092000414000021274021814500180000000c0000800000000450000090000000801000038000042001020030184060022020040001402000040002800c00081c000c00010c0c0041000b010040000002c41a21211412c8a4200c20100014000d34400041010000024300000120e0051020a014210400514810880404b200021040006000140000210008000001240000201000182004a802800012002060b8232c020118080000060c110820918000000208208000420200400000c024100a822aa9490200513a24a40541c020014008001000040000800800c08000110000114902008080000000b00318217824420824308310200004000400a00128a00400000d00f008000148a42002a0d1248881505402010021001c500000400840601000100214800004c08820400d0a02000e00093448402028c4400092a000471000002004580800802c000000004020110810400412800440020814210808930021200420120400000408c04a0000400000c000410020c00210308408001438200924510000045806004220200434500008300008400410300918000424128224000108a10084804230e200c420040001c230008900a000080000002002001006200000001100208840008401d0600208d1ae41c08a08021008500800168000000018200030900008610524c1ee4200aa08d0155400425307050c108028448000700108224800000804830130030400004124220059080001400107300e8100000000450040000011404011001402022480400002002020880041ad128150002d0e410c0e00000041010c0080000000400023020010000401802001060c0a00620010c6100a5170010072002805001001480080000810804800040000c120200800814512d02c8c01ea0d400000208424400100800028100000000000208c2042002c828200010c082200044a08350c9648038a18800001418000428204000000b21004400200400410200000a000020080a0c3c008800380000108541520010800004210220001624c4892430c42820800000400041c208c98414462000520100c00504500330a20000000110a10428410030004508c0010068a01090b054404008194208410804008800300a00100224000000000118000828800404014090010900c0178202000001400020000480000c000000000900420018400200000400020224ea052440040669238590040420080c508600230002000020400500440104000000420410110880102806c2840400a48401923104120001840240248888202000410410002882000410010008050c410408c0800c28020024000042002a01008002080002002000001c01c00000001c02078000000001c71c741840841f20000000082002ffc4002a11000103020405050101010000000000000100112131411040513020817150d1b16191a1f0c1e160ffda0008010301013f10e21ff140e09e438c91ced0e5381d14a74e04405b2974536588c114c0427084a9122b0422040088ed8e12511528009c300a5550843b50a4087d580400ed7ebad422510548c7395620ab590049c828c662901e592199a7d4ff001013592e64d3fd28a131dad1fd2bd86c99463a9928a2f2212cf3522ed650ebe11142a094411f20887d67108809c2008b910000c35bfaa8174e03b57a89ce80fd8f2800988a898d07e1f68d5e2353744954cbd3d02a96415eb9019aaa3a27060b21108b5ebfea02e13cdd136080821ca1628a4220df8337010a44100648226ec3d112f82218686e77fb85222e9ad3f1bc5039b2656139ba9c20c7c51092ca1da43db53cadee89caa915a34354001207691242a880347aa601b353755313f6a7c9ff0051a0b066030189c6dbe6cb19184c113a7aa0611133c857a17fac0a5937081ecb22d8a14c4961c436ce6cd71184322ec46ed068857015d93457db28e05980ae17d951d98a90aaba15d953804360d78465899c4094076be907a1475884411b22e3354fc232a688d71051cffbe55d2364e14ee08623f7b222e1012b89c705486c9f8c1ca8e3ccdf76fb45b7e7b224d4554418dd13e54a70c4d5883c451d807286c550a05d3505c1b98fcda23262df29c1540f7518c261b23b60e48e23991abc6a8883aea6bcb44e0c88888b794cc3009f78f93fc04a90525dc3060cdcd168fd47894dc0c9b8c4ee3e032268d4848040a22360ea1b307eb941c092fae9ccf840866cee75f9c0c99f06ed0e12830027a8f16e4e998e0822bfcfdcd4b102e69e4f21d10130eab9f03efa53060a138c15a62314dc053ef029d0c808ac43f43eae9ecb9534edc1c90df29b009b0b6365466539367c2d88a76908e16c1ae88cd0642fb4c9b3019a5f8cddac5f8288d324b2ab306552be071b6cff00ffc4002b1100020102050302070101000000000000010011312110415020513040617181d1a1b1f0c1e19160f1ffda0008010201013f10ff000d3d0010386310ec1a4dc94186c955aa6db2ba48855b8966d04dd7484368ef6acf442186bd48bc24a590324c8e1adafc35189c234754c09486d71ba2ef0f44b230356079601c6fdec74aa6e6c081619a2929d7340014ba4a7b228c88105b2ee5a11e8b3142020220c1faa01002ecd2508d2648a64dc0a0c89d06c3a25f236ed7e8791402087f4fd94a3021487df9e010221a613df5fa39b022124bd40e3f4c594280486e4020cac8209e08c2fde9e8f0d8592418149282b8a102e925aaef87c9b305b19f4d04b1d0079201e2331796012e793cf03e3e1b03430245432893a2658813800060107c1fa21a425c881e6bfc1fa42e53993cbe5e6d5322cb439c733138128291100574f73f84258034265b03404eda30cdaaedcb2249601a32109096301854dc9c101c3264c996ac0d1ab43ab66674eab431cf6583a15635e8760d94742bd18a364f95a7ee503210069ba9946016d0956c20ce127e01290f688320a606180246da313b6855ecf637cb3f9240ca42ba914092feb0db54c634685446c32a052a2d1165be8c192601707020584363e887368d0aac49cafc3e3c3c087019300800504c56f7fa0fcc24c681e4ca0c73efb436c28d0c9201290a4b942920ca4948231edff1818c1e1cf031803b0a34456c98241e87e283a120f0fe04101667190f8b44203c1bb0536ab1c3e1a2de82545c8fbc9090404201c9114c48610910634d4df605ab470d83755a3ac47715624e5b25965b61475eddbaa48416a760688c727aa3b95584204740a6bd9031d98af506bd480c63962cbb3abb606ac7ffc400291001000201030401040301010100000000011100213141105161718191a1b120c1d1f0e1f13040ffda0008010100013f1081c48bc266fdcaa4b18a2ea5c6e6e47166a9a75edf82fae6e1f72b1f5fcb2a65f73f8efbd319e9744f9b33614632d336b9a10d58a33f9a669ffacfff00024b72bda8abd36acc7baa5cd187af7fc246d37f6a33ebf112521745ddd6a978c5996fb0a409d6832508d27c9521d3d50541d6c8f54c3451935ecaeb524b99626e9ca3160d0fc58f48d3f3088a31fe7011ca589a052669addff8535dfe2b43ace6cffe5b7ee996eff8ae4f3666afecbfde2fbebd2cc7f9673cafe53f8b92e0dfe6ccbbd187f857cfe0e6c9a28491623f33cd5723b572e00c43583340dab671ab88ccd815a8f582f81d4e9772c666add1d335fec591df4678134437fc162e4eb4d390628fe2e2c75a339a913523423c581d1b74a63a4f8a69562ace9679582b878894556db23367df0b070a67848d3be0cdd152933523a9564d58f34ea9b255c5d5f8fd2efacd75a32fe2c27051a492e8d19e5c946958494c3f8ba5817285586913cbf4aa565b3e2e7d74ead6841c4d4938735c3ef74ae942682289f4bfad8cd6e39a3272e6c153a58d33bf39bcdd3873ca4d7078a31a49a93fa581483a5582ba9562883f0d2895722a1fa2b33ad88e1cd6012d72f6daa4291a9ba08a0ddf322066264c6718a1c130481710cf67018d1a50b010631371371aaacd6c181d4665497c34854a6d1be0780dda828ab1331db11e621d96e6477d6e4628cfe1bffe0b0d9599aff22c43c6157e9c02698fc60ab3499f2ab3d73a6d565fc59cf069ccd4aee2cd99a3968f754f044bc9c3a5e8ef420e580d7eb66354bcd5eb82280bcb5291fe958531520d7e575f0e6a866c62b46896f8a1e7dd99b3467f0dfa52c454c662a4eb5c3fb68f0a98cb782eb8805931b921cb1e80b8b8c06b558252e80a63b0ac60913669eabf3deeb0630c07a47fe5424042ca4f6127d6f51d658935c7f63ef490121241db6fad602c4ea2726a8751077ae68004ec013c2284ccd70e05d1d7566ea6f70519fcb7e433c0be9e6b86afb6b419e1a65d6ac75786983f0582a05050c86a4d7232fcd8d055896f1575ad1e025eb5a319fad339d686311b50cf7335ef3998ad5c066e8ac8e0ef7e5d74b0aaf7519386bc35ab1465edd69231d62e072a058cea569ecb9e7e95ddd62983f7744b3067cf2b1664b863ef5a4262e3502a23c711e5d0d6a8101e4e98358b3f48354b3b938921816a2d800628a11e664e9a87bccd06c887332ab324ea664f74259006833d3fc291a03210f46260f5d6e36a11810278d3dc541d4634bfd7675b091d29f3069ff37b191039641d047733d0dc1b803884070b32ae8c570d65a32c77d1d9af0789a33ff824d507b2b9ef7a8d12f6a11c20b38ab3f8cf093541474d64fa66b0eab32f0392684deb4d2c3dd2284dda3363377b8d8cd4c5d1ef8186b36368ba78321f14979fc1b24ed16272cf22d096bf5558dd4f2a7dff00011ebe6c1a2e5e5667ef8acad0748f8b94da93bf130d7366365c0eb42d4c68a91df6a7bae0b9d4078683b002aec173f80a8159610c1bda8e3609255c00e998f863198a69f512acc49707ad76b2d8925072f2310e757add040aa9ed0b38bae0318fecd3c58998cc13a7f634f3701159123bcedee3e714fe4339277108c13934c090dc8707196700e98e9e49d5c9a96806310cc0484658c69463201c2651c111cb04463017bff3661cff00e226e4ed563597d177e1c581593eb99b3433465a94273ea2f84eb4427d531cf416363a628e684678327102ef663df4a92aeb1ad19a6e7ce7bd7c15cf0e9d9c04f00b546b8b18fc0a1ef5c6fc45d7faa2d94cbfde5c1757d2ba44fd2a9fa0ab0d35a11743f13047db8036a159c5cfef6421874c56ee06cc3d4b8984d0c081c663560ea1354267620800f10439a480200754d48911e1f1668ec09d42b911de0cf9a40465fc1c8f130b3a55804884912e8e55110de6cf1a9e927b5d3a24b569d77d9890ceb148110021ff002f11e66ca004560cfa199c1a3d3433b44b5090bac18eb9345b1806651fb0a0dcc109c0b653bd52d193ff0005cd91ab0e2cca6c679deb2628c70d30538676bbd14ce9bb76a2acbf563cfe00d44f339b11668cbc083066c66e67b59ad35a98c6f673ce9a70b737247cdccefd6f51562cf339ba55a9258708cfe1a5848b9558bf453f05e22a476bb55f72c80c0143a61a4ace3f9a86106fb407cb80e913d2870092e65da2029aa11d097d183b50c0036245c8900c903eaa1013258ec9650f330691548928682e982a74d127a15d0354c06900c9ac6b871192e7a23017b3fa25420098e7abbcd3b8e8462e526a5837774919eb08d2f600005093b4fd5898b0320f08a4bac3c0d7fdb8ef39e0799b35cc9daacd3aff0073473f83ceebc69d6a71466b06ac17cc8d4aba339d29f94e795ba94a94d68cfe530dc9313f89f152b8fa5c16a6356b9468a83614c1afa88e233c4c519b10599fee69561a33cff35c0efc045725d39d6cc59b958ba359a8eab11fd06934c23d4d8fbad673408ca8044f8a868433a01f4aa80c07a2c63d18ac4eeed4d1ca5ce2c081b87fbf6aec01050a4226a9ce637b22248584b8dd8ef96986b92098d5b31fd4ed56ac0dcc838339240c99eed942027c0d8f57cfa589088a304003757bd14feee08a5333ad083949bb1635c9a887c531cf475b8d06795a6069e6c2e946175694ff00c37e3a0a0798b33a5158f1e288dfbd19fc573727abaa8cf013beb4c95d256a332f68a69489b3a162133c43367869c9d161d6a9a9e1c54fdb4d2cbf2d1aaa8a114132284c807d65eab26e086200c0f224dcb5827796de56f48025bfa46f412274a83aef11468133f4a192a20a52b83a9f714720b025e89203bb05880981924cd902885c74c4d7eafde7a04821ea1fcb5a461966ca9833a8919e127a588c161a910743cec506ee131bd312b9733165f0a554c3d450c5d3858ab172f629a7136668c573d776fee6cfe4dd4a1deb7eb4cba49598570dc7d6970fe1483bb4519b1366c66b9fe2fcd8aa5eaeb4c55058369a67022a6ead35e273463c50d9f9a01358131c0e62a868cf319ab40305d33c24d31f551dda43f135fc1428e9723058eec7b0cf69b270642744da5448d01f6122e81021a71b930f8b230010a330e233e9b204ca4b93b792c6a022e2c3b993d51b21235fa6b33bc6a6b4c818c72d956274732cc370990983063517533a9360ee111b4d4608144cc8ea6f58a0733732754ece954000412b231b4cc3dd2b32e561244767e8a4c1296404ad4699fdb9d6c66ef6228f2e957fd51968470e96274ac5f5a7018389b3ceb566ee77c5996294cf13df4a43bd212eb4cf0934a115968cd7989a25530f8bf59c467f753b729cfe119cd435ea5813deaa2c28c1d6ad9cfd2ac70334c39fa59b84cd9171bad5b13f3667f32144f70104f67d5d004fd5844fb39ed61621f8188c3a39f8d905233b30219809432c4cd5620ce1bbe41202309861c00553048918c8ea6b4bd017b9de9a40d3219a48448d500396c41095d2a4a934ae5012ab5830d2c008209c65ddce69933025a64b50964681a24013f5cfab88a0520200fd2cfd103865848ec58dbd5c900009083f658eef478492e66986892fa5d062c5f81c3ad57d8e521c0ca8472b9a99b156b3717b2eb6ba2b07b7153408cf5a3452e878a7119e1c95c0b9a9279213677470e0a713673da8ac9bd180a327e2d8f5e2a4d8aaf9e97a0ba28470a1f3a534e433722a714d3f38922228f4fed7d5d7a1091a671f59f9ed41098b9d99927a14b202102545230438888724253005c313210ea0792683891c3960956257c78b242ce54bd30e212f85c40670a505980c224034a1b662bf4866a209cc641a0f01de3a58d157620cac6dbdcd0008753e651ea882806835fe3c9051877dfb2598698386ad0a9ad3f078045505818ae45dff00b9fc327559a44d973fc54934cd8ff962847050629fc9467f174a69c3317fedcceddf812f13ca4f025dbe6caddf89cd58b3c9ced1d6ff0082e558163376f7a38fc05ea533fcfe66608c1d712bec3dd94139baec8c1f22b3931d8b294f8a20904406b7408a168849251b4cc5df5dcef8bd2842186a748198ed6760e8b00a7457a94b5b299830042524c5ceb15e0453b82841c4194267cd624cb9b1981f50dcacc0575188f701f0eb625211b83f6636ae94311df345fed9aa3565e067964b3a694fd71a1ef5587aab29e77b02e638a7fe1bd9cf1174aa1f5467e68cfe1bd69ed523cef4d39249fc58524d96f66079ac61727c3c3461591fed94267b34677baee8fc1869c061a107e0ba26c856ad7f29042153b63c77cfdee8827f41923e94f54431926264e3ce8fcd808dd8fef8ac020388d683802d19083d1ae6218b212e500eeb5108e3247703b999cd87d8052ef4e9df6a6c02911c355cd8d693ae64948c73013fd66ed20074217fb70d04f232b87d8b9efd289a80c1acff00d54e217235481ec673bcf13436834bbf2e95835477dd4e27365bcbf0443daeff00940fc0b14c50ecb124cdd1fb51eced7fe2e1693bf0e6b2cb549423973e9cef4cc58cf093527fda977f7356788ba70947b9646cdd68c1ab46b92c5dff001da2c4fe50601d33aecf41c13b5d6860026c4bf75804310d1a63aa11d1b99c0664a17fe5dd830fddc4a689c07cd4f081410bd65c3eac6d2597063bc538107c9b45175d5000b632911ca75f07583133586ae8a2c8944edfedd44825cb85db044f6b1d60474662fb2eae109a47d2135018117a9e63be5f494f82e5b9185df4d1f764788a7333483de2ec31dea9e0e7cd739d76a2e3deccbc9854a72e167f1d2ebc392acdf36e4b1762a43527949a2cd897d7f0c7ba8f0e6cd37479d6c7233ca61e622877b33c0fa469422b651f6a11cb8a307e1ad9855c41979378327b15f80c764fe1509609024054a3b03e2f94a84959bcb21d5d9b11424d73922a23017253012924020116369024026189ddd775ca001413ac0103b8d0f18625fe932ef73b0190defd641593244b4469fb37238206e3eab4b0e2348d54487d2e0809c7747debb4520d8fe0917c5c6801d904ccc684f9f951f8d62bf56cc58ba7119ba7ae6ccb3ef9582e6eb5cbee698ab154ff00b61718eb9a1d62799cd245653a71bddea4c6856742e5c373f0b7a413d6ad5cf5ba3c8cae7c0d3731a7e4b160758ad9f45d5704ec3146782ffad9cfdb8ff87122ca519a335d28d6d9be95339e3d2b7e556221113da1c6830d83c88463b3fa57c1024eb44f73a6c04cc32a8ec9aa9114645b0331be00ceea6a89973242828898c7a9d133625b963f89b8803383353c0926aa008eb5cc290d90fe7b511dc6b2ea59eadca4610755f2813594c290e06443c452d30163640bf037204104731987c2fd299cca8cac23d933a630eb14c8201901233e1aa558b737bd34b052c174e268cd256475c7e102a73bd5ef148bbad2658cd98f855d7499ae7e5ba3932f19a8ed752e9561d2eafddcbc7e06b5d6e6c74b31f6e63377b2f5a31eb45a70712fad1ea9acf1de2a9fa3949b14c3583fdc52452be130d59e34b373a1446f4dceb15c9ee2accfdd989daa3d51cd10387e8d90345e7673ef2aa314b3ba043c8fdb657048c6081f5126b901945e90089dae834061b58181ac20330122b216465fdf5581d5123adc6f45d762ab467bfc7f9b881ddeed0ea03e7fcac8007a820cbda93b4d76444102a06c859135b1a4082c0b0fe96440081d1b93d18f8a110081550e025d981eceb70ae3c446711e07cf4a30a93633499a92d08b19ab0549a38aa111fe50cf13503f775cb5e562c6d5dd66388cf7b968b22534d20d6cd3370b23fe5d1c4d81401465e37bbd736477e27f9b3ff95da9b10f5af060eab83371dcfbaa69a9422a96be6b9a6c4e31bc1e34693c64ef4eee220a2474a27dea31f35cae24f4365281890aaefa88fbace2420e56175ee0a2e91857631f3f7bb512623566bb5ce6bc40683a9d7ac14d3433e04eb7415656565a57b4558a89a4181145a57ab977d176d014ec965917a54ebc2084d60f1576508c1e490487477516c728d8487d491ae2ecc313a927ebed5bb4001d2532f998ecbd2bb020154d6258e8913d5617e615ee8f1673bf9b32f0b4d781ad582c3bfc572dfe2c8d08e42386ba70e4ae13f4b923ebc16271199e0c14d39d1b3722ed4cb6393fbdff00074b1254835acbf6a54d58b331959c65b34cdc1ed7e5c79efa7032a4f8dffbd2ec70e4bb259e222c5892ac537403aeb4dcc98e65e76db2476b8c08998446549020193a8447ea829c829d656d06ec980de982586811b8a09395975a3c05c1814476c5c16ddeab791630d1add22f0daaf2c6d06f5da277690fa3e7674ca90c03912f036948e98b86824474a72fb1f1a5cdc984c3c3b79bb70db34e07de3fed99810b764f8d06b259083d5cacd50d08b39ae7dab3eeaaeae66a95ab38a91f572b0af59a3f9cd9b34c271651cc57262c9f834d2e673c2c1745ddd34bfdd2ce3ef4fc8785cead91f6d2bf85d5e0c13bd99ee558dae9eb4cae547fb1713527cdd1b39df8218c5cd39aa1d7149599aa93f2e12fcf0b05607e976e024766c88893a05c788ebf68b3710126a6107f7f141364246889be674800130c803d2cf6170a24102927c1e06e4402244463d09ea8350c88d19070eb4d0d0e7bd40005d3c5bf952b7338c0de5d86e74097a8206f1a2f7d9b82283a37400021e9616123ae2a2f721a0021936630bbac64c98f519951a0a1c1360c8d9c444ce013d293e0534a63b501eb7fed592eca70bc2d34a17c573f33420ab157a9b85f3a58fbd8b3d147c173ab8dac0ab4cd042284b5360a31a45d3f0582ecae5a1ae78daccd987f1d2eae947aa996fc466bc345527decc598dac70d2e8dfcd8bd29275baa8c50e62ef54e7920727d2e1b1752c43485255e9713fc8a06584c1afc7da93908ce47533120472466ca4c92a3dd4c52440e0c417e87c59a01ea0763d4cfef6d80d8968f767b09bd260081808b14332eaed5f6f766ce83a359d2ab3948199ec45ee008f59fb088ecf5ab23d2681fff0021de891a018b060031d007f3b6b628923988311d0980e8559ac0231f15d8322af51899f471d1ae06108633312904c00a20c519b3bd5b3c4fe12ac2dcb1c301dead95f543fb166bff005d2994fd286bfa540da9af4e947caab3f4ac292f4ae9480dc77fcf6c512d7d5da3efcac7b526b9a69f82c31490c3f4a98a63c76a84676b99f3d395523ef562e08b10d8299f15cbaac66c9bcd725875f8a4fadc29a946397dd3feacc51fb71aeb63d6cf03363366a84074a19f3e0c06543345043065b4c1ee01d5be3d00f408130f3ad982920966aaeb39d672eb3574ce846b4440c321dd58c81a12a08241c11800c0041165284910995eb51b66e1620486967501a26973169a58d613936eb70250346f7d41e950b848986cfa7b5a49800106e151875027075f3725c31b269274c41d89dee9e000ce5c9f838bf3657cebe2f7986576509f392c5280d15d492786d65666c044494d89549d9ded5350bbe29961a435aa399b32629662e7e95c53271ab5a93e69a70dc6b5a2e8a11c02d7d16234a4db5d5f47106bff003f325d6a86ba6f420fd70e1b954453858b3560aeb67874a6bc4c5434e1814f9a62cc572f18ba58bf535ae6991a69c664efc29227e962e9e37a69c252588b21757044c34993053bba157404c166f01f89d27c29774e80335e84f4a53606f9daeb9c4c3f27b56d0510ee187a33eea46435108f7e73cddae6704c758a75422418c93eb4ca1dc62c580be91bc02fd2a3009948b58883cc279a402894c5d460be053e0070604afc1abb1d2eea8220d80eb25fe354e019ced3a56ead644031d8763bb3b5c1e90358c95d92d351b64a744288de2e5878bab3ae22e01aa09f16500a04d08911803a3ec3a8d1201240895e7a1512881b03b35bd4c69642b974a1c4e6eab3f533665dde5c98b21cfcf13c3a7114b15874f14971eeeff92c373e7a3613bfcd9e1d7c66c8c79c57370ba5d5fc1a9c08795a918e273466c0674a37ec592b868cd50f4b96666b92cbad19e72d8c5c235382ca80ad10e6eac0ba4eddaa1dc637b2de32b73605d48ebd2c6c40c57ba3a9d1369c35f25031bb3f4c1eae4c1249575f7f0b733a8089175612b18231a2d56008049147673ad18218087a7f70f6b85002ea80768c4ef151723a0c2f94049a40402fa5ddf2687af7548515a1a3b5841e03c0817e10997a759ba4ce95c8e88d9d57badc4d109888a820a5ee83e7e6c4cdbaef5bcacb584cef7d567cadf5a97bb77fa0ac82718602640111912e0ca3c02c6001816c2dac3abfed193888e18598bc1ab09631b589e17f8a60d6ebc443c0cf3bd58aa2e343846f3eff00249b869c3db6e0521b3b052ac16075f170571596ac733c2c159752a976b39aa78b8bc44f68b1bb0a67af7ba2889374573cce4ba3dd19a30f6a85a72b606b105ba1951c3a8022a5a736481545d5732baadeac7eac15bbe1bd13d0183cd5d600d27ee139ed5c091525dc6947a3a22c0183bcda3f56c80110643e76f88b09544f847c2e161d98cc4d40b627510fb58727d705012c101ab6c02aec175e00813d074090b2558d34b331086191804e83ae3db5513b907c89cdd401d08fd0340984946b495cb1af82b96960129f7b03d065deef143f1703a533be87d9fa58562509154cd9e9d6cbfc9eb552842fd58a076e8635ae1a3e3d5fa88a81d69875b83ee288d27b538609dea07ef4fecf13c26882ac575be45c1b1d9a31464a38d9aa4fc41d6c1074cdde886e49de7958e1b9eee4fba69c249422f566a8da2e8572ef5ca62b8cd60ab8d5a59b676b2d0ca820a398eb8a1070292c4769ad9a7d7f4a4ddf892ac476ed653a59a041288449bdb2f9174df77da3f4d92d0df358112bd5707bb80e97cb4e7cebfc534ba3c51b34a10d4ac137bf802d0a9b2b31b60da9a0808789fddf90855b14ef9a0ef8bde8180064110f341e8022854b7c27706c54f92e1d6c0dbcd8a62a272eadec273d26f709f5a4f9ac3fb1d0a8b9e3f567bb0eb6408d1ae941998c53e9f71a4835ed1723ba5ecc1bed702c076c0a3c835846d446a30a45d11e899a30b1633fbb21a9c767159a34a6bcac57969589c33f804c0eb51bfda9859b4a0276d28d2e95c3c5322c86c631f8c4a61a356a67b7266ae7aea5098b38fc968f7671541eeb85199e18bbd336735c9c26b5c15b2ca715a4162b5c19a1970d8e10552c756c4d509c2a6ef03e0ddb8027b1a87fa3415b4373cecf9b9974faa9d82b8c503f6130ebd852c230f54f783e6cfdac0c79334105d548444eed76c07c20ed417c177940b3259f01abf7b05a3563f5bd40ee23a1fdfadef07dac0ea6856ac022864385fd1713022ac51180cb4960642f3da971823263c3368504a0933a756324a3bd8a2c49d2c7bcff009457b9d75bd5c2cb14c9957de01aeeabbdc6a070b4c58a6b66cd5a48a9e258967e6b37fda6771eeb9d963bdf67eeefeec6695eb5c62ed606fa5193f16ea1eb464a5cb8b3eab9f0bfe1555dae9f80cb746b98ab154b1889b92e7e37212a43562ccf7706197d511ef3442a3376f7354d08a4bf5c183bf4b294d38863ce6c59d02c6c105c143eca3db6767493eac676ca3c66e0ec2ac687cd9991e193f4229ed741405c403d820f570dea28c4c040b383a19c5dfc0965f7e85cea4b2412c006c40052e600dc91990c84edc4590919093e0dc1003ea4a231dca5e81c3d208d4e5373e1caf694eef3c97d0f852989006498d90f8b1768017e41b3ecb161088a874923d66c88120503b601f0170bc89280e8c8be66aaf60e01c86b496165a84f00cd7218a4435ead8a6a1492ab24cbaf83b4cfdb73779deccd72a2a66ce6ac6b5fe4b39b1742e4fbaa855bf358bef55f8d288399b827e68648eb543ef74b91ad193849e1c53d866c4315835d6781f4e538389b19fee6b523b2e6fc5585c2ae6c6b33fcd73463907a3a574e0d1878c5195714336788759babfcb34d821ec4221de44ef72255292eb34ca7087a101fcd64e0840f3bdc9eecdb4cbe28000cba4a3faba6ba982af7c9b28210c658afab38004950f7fb01a8e01dfee89f4b972818bec18e93175d2265c7d2fa5260010dc012d00001382cf51eaa9f40fa525d2020f95f5ae000d084f817e6614dfab647f7d6c8ff0037cc59d6326e82054eb2a3e5bd52314765eb5b961e9471038bb9a58067b5508fb50fd575ac88b02eaa499fc112ae4a393f76577b174e74ab1661ab36428c3f6a4337458a1d5b93b59fc309e6acb562e7b6982c67f5c49cfe224ae87bb3e4d6b82b423ebc67eb736e8fa2a8295cf7b9292286779be8aa0efc024d19a41f734ce9c7d974ebf84221d9c8ede33aa42cea87a95504a3e106f4127d07f5b965feafdbae021e36cd5fef6a425a3201499c4774883b5d6415257b8e5755652ab9e2c4ff006e9d68cff37fbb76551f6ebda879bdfaf9cfd6b955eb582c1f15958081bdf23a2ddf553275ae7f59ab5cc46b4992089d0fbe1b9d0a34a3755618fb70b0561648e944f08b87c63154b43f09ae68e6e8a6cb8bdd18e49a646ba3e9f8443cd6a4d90f6db994a508ad34e65e3567cae8e0c38f35c9665bbd34fad725d395b503bd0c79b8703a18beee34ff00b593a66ce234bb54835af75200073a0c79197277148a5bdfbf27eca7834bef3fbae11d3eb67a5e14ba85dd422b0ff02e04cc5f74fe5b38d6b82c3eb7e1afad9f7b2f8ef652caaca73a66c4f04a38a6a75a013eaafa5e9bfa2b0747eab744e9d6eb3a3a5232158243caefa9bdc13ba9a51897cd5259b3567a56026b454c5eadec7e4935d2ebac57069f5ab3b5892aa292cc6d4a1fd3663b1de927947b28971f438705b32f339e1c15d66cda73565ee2e888dea88f34673d6b90f365b54f170a38b35c7959dd447bbbd190ba5e914d3871f7a48b325828d5840569846294a67fd25751dcafd4231b925d4f62fdc622ff001eca03b18bf6c2e724b82963045bb4cfeaac8ff66c2dff0040b0310ce48a773d70b3d9d2b82b15d4aa5f75c8b85e6f37527ad412507ea4fd1fa384388fd5864dda854feb7a84800620c9d9026e2dc5745aa34b24a30b1b9c565d3e2ff74b11c69ccd19ad12ba15cb4eeae91c1ad71e5661e044fca8c54e709ef5413d31562ea57582b171f6e0c9ee9c28b65688bbf5bed638505c3ab80317546c7137f353145a0cd181421a64ebdacdc91142e96265662cd4cb47cc5593f9b2c056ea64eec2774b910d15655333e714bae705606e93d135a7713f5aa60acf522bb99187488fdebf03b5cc932fdcd9261463c317f81620eb44d60df5ba79aeb9b28b0c22b96380f1623e966ef148de12970a8c86c686953d4a760d4e2c58718c34af1a883d5a50bbae12eafe0c1e160e24c33b6f75572a39ba35df9582ac7eaac38526b420e168fde8861a35674a69560a315aa48df8c0f38e068f2a0c7cf8e28563926196f5f871891bcd82aca6c079a95276e0c5d6ac78abc1646b74e3df0e4b9338a1166c079ed77c59b11f6b010187290788478f5add00fce1abb686f4c9f5dd77127bccd1a3ad45ced5f783ce92bee5c9312665b844178b97e8ae1f19a9f46e4afa18bd4b3a02bb96dd292a938a315c3e3365edb22f4dabea4b03166c9119d87f5513e2dae60db7e94c7eca00699290861ed15fd23c1594eaaa7ded461b19fc70689b3a519ab1eea4ef5853eaac43eb466b8ae515eeb927856ca6079ae6becd390d0ebd6e844bfcd24eb9a707e7818f7662e1d0daa06b647a58cd4ab3c32d74b39c6970392c2b271b5e346c4a7ef66ad566535e061cd0b3570e9d2982e4fbdd6ce0207ba025ef0feea95a15f1e298b21b27d593f7422c76fefd6b8fa2e137b36322bafea5bdfa079b3d1913ac96a33bdfa48b93efdef42ac1adeafc5f0a0bc1971565b11c590fa53e0223632bf15309227aab5266db4ed5135cc5cd99a096235c3f6b033958f86811d946e9c1058e5f20fbba376abf030a5066ba94277afeabb0d99ab2bfd4588ba58cd108b1246f440d28966e6f57117f75b31d2c4df885192e8d829832ff00389ae579ab166f9a93523c38d39582caa86b6afe9e2685c8ab8b21f7fc158cbb4cd985729e0a2864ae6c52a8387fea8216476a076a7421bbe50ada22bea4a4f544fb97dc6787d6500b80207cd8f4a48a602b8903a3d6fe6a1c53298608b2383dea83f75cacfbdc8b92cb73ac95a70bba833f21632960134b8dc74b39d6b83c3404cbd2c0e5b6fa514525349583f328c7e011b00dac4785318572baac9c184ef72f77a1f5b13b66a6a35a80f111f7a60adff558cfba7fd284589526a929a29b5525329a43d3f1d4ab2b81513958ba3c2d8d6b03d1c4c1566c4dae9562c0fd59a9b3c276e4197aaa4bab158ca8f2f0fb596aa1111946588b1740131027b2e3b3489e6e16e0099d7b992c444c97b249f7bdf871e289ef21b23c97312831ec52c040bad7867c588f9470a0820f4ce637b323227de371f37a80d3334da3af7a31ad70d6c07fb65de9dd499b5eaaebb938bf33634d423592f9a94033b5998732e2c4c33d6ade3777787305933a6f44988de916f988a4ca20a321af4a315cb8725527fb4b19e67366ac57d172856da7c72e864a528555cdd1e3146564f3466cd9a7d29c6ef9ab1c35d3fcb21efa5ee5705467bf0c5ab8f74e0eb6626887156dc28ae4bf1c47aad808a3029f7e0fbafd9c2e2ac6dbd77b4c214586383c03eae49c8b8a7ed515ef3e6e4d13af86ce1a3f27f1053d63fc2abd005c51a0704ec644b29d356a32053608756cd37013c4c1e27791deb5909a2ca7adc000db5fabe8ac22598403c6feac857408d56955333d5d6b9fe56468f9b31af8a65ae972deb3558ca08a8427431f659cfab72ad99a05b1700b0160d1ef75f0a3af0658a87c10c6e8fc0f571f48b9703837fe692d299b5610b9b653890e977e06853e1ccd58b8e5c0e4af0abd96715138e225a127be0e6cbcd34b17deccb5cf0d2e0bf059876558ebd2ac59cdccf7f15476cd595dcfab31c832913fed1f0025c0d6dd1ba741e32eeab38feff62ed71a2e9a9c00933d14424f557aac5d4eb594d0117b40bd3027b243f50f9bd944efe2f48422811cb819146d325ed64e111674ef756a8aa8b5c4e6119933d628a20b06c444924a3a4d19b062808ea371509f17b4088e95930101caf66cfaf7b8181033d42fd3a5fb9937171f9a1feb42e8f351fbe689c7d765a33f92c0f0eba558d06ecb4165135e146f5d97706d4c867734a6bb80d2a481b5a5ea1085581e63ec6bbc2b52c0ac3a99b39df4b32531c0558b32591ac1d395b28c511bb4c8e964a3258ef8abd94fa78033c0de5c459f426c638327d78521f33c678b92a49431631c2e7c5fe6e21e6c035cb8b11c052f72ba458fbdd4ae15bd4e66fdd5edf5e334512674a237479c5582e353420d53b967223200baf160543258799b3dfd0fa3f4bddd2c42c9b86c85aba9b38fbc549e82455652cc9b8ea4ae92b60806932ca112025266036b9ca42677aac1116ca25ef18f8af1ad7df1fa2760960c0461943bc627c059fd0598b3d93178660eab946e8aa8029432276b23743b38b813ed354364eedda60517f25eb6b996a25ce0b9930cebd6e5683a80577c87aababd98b9011faa78646e4d0464166c822943d61ea94c2a92220ed7d1b37c4f31c467f144756a63dd705bcd51ee9e5c1a4d00efd2acb77f5487bceb71e0e48ab7b02c349711621a11560aa5f5c38fab87b8d547bfc12db94e9c1a7aa573488cd59701349271fd3ad199e96316669cdc84fabf4284fd5d379aa2a620bfa10b198dd5b657566261d31c700060be8411a5d28d37bd260347b28ed4231fe686a817e1a9d923cdc7ec63f8a14cca1d0c31295c4874b33032b1a166632c2e53ad11c8df143413f651309d1f34f2e1b0ef6007443d1b3b007861818d504403160a3b1810f2bea2c38830cc77c0fde809102183588921d998dac9998b1fb75ba37a454c84d01a0e44f3588481381bf983d52edf25a0740d5a8e00270bc7a57723c35d341b243419301b0b390786d73426ccff004c45352927233f8cc5192cc6d5d7b59813460e26a52acf08a352177a93c0bfad26936bf8a96a82ef5e575d6475f74b35271d6c43d62961f4a62e55014fc130d95f7ad8233a580f8ba356db7035f565607e954f00ca5a049ce0b08324cfd7f5f5b1891898daa9d063060b9741a4e7e0bac8dd1f4eb73f222a60273ee8c0d3459ee9c202280dd80ddc36a59a8891a9b36107a135efa594ec3d7e6b8931eefd5d128ce939ba618da6f558cac8c257c8cbefc901252c49689408380caadc9847cb16420843cfd07dcd8cac75477828f02cfc2b0b1f6815aec5221e166cf4855afd10641096176bb289183ecc527511d408d2c9bf2c8f85fdfd2904410185e897aa810a4934ff0094da9d4ba6c05d629fdbd6fda5d8a7119e27f08ab7501d6c8f0a85b35fea7193ebc697adc6e94cd71e9678a50798ab070b156684d9966a8ad5e0b8b8f8baf4defc4ae0ae59b8a3add15671d30dd2cc2c0a327079aea59284fa5525d1ee8cf06499ccd20fbb88f14497220d7d53de49ee8649090257b0eda98d46cd43acdf72820400128e44044a60cb1aadf7a4bf571a744bb59d829335f7bdf409b03e2c6741061cced1deb2501898868c8100c99c4536c18641fbf9b3605b9b2a2190835e86017e74bf2504b364066e310c89bdea853d70feace69b2ccdc32df4691213d6b91b9d37b2eaaa524d8d6efab52a4168e3fca44d4893eea4bf923764804f49ad0f414eb748c00caedba1d9d4f9a8c248ca57b3dfa3f5b8c19fab4cc9309a92e3dc3d53279a30fdd1fc342cf027c573acee50c508b34495f1b01b9465e226983824ba2b9b8accd888f8ae514414c73745da4f5359e74b12e85fda28e2ce68261f563ad937566cb3faa9978e22ebc9b7b9bb9eae9d22b625173171856b76f29d2e38501ca88fdf4aa8fbaea566716202e348fcd62a7c8ef3b0809bce82ed8fbba58118001a1dae16641d15a6f0c520e8102c0044ca2c0032abb19a283099d82242fee67149840c10b2c414f4e1869260093719476c7bb81b040dfbaa53c0db9705125f42c880736e3332a4237cbadcb0092e33a140b23087188c7d9bf2b0b9847e29825f0164a003e426525b91fcd13b2ce4859456686d62a0ea5af4821eaa2f882be10f046b50610b8476eb7c0cc852d3021c696653101835ff00b7e6c3a269489298fd80f661b2b99c9b310fe9de934261ca4ef47feb425b3e7d597e1a2c9dd562925513abd6c674e74be51664f73c69465b962e4d7970c518ae9574dd6f4155255590c5492f4fd2b37bd09493417eaefd3c535e1d2acfd698a95706546ad75b35717e4d74e37a5c9fad2a8cbd543be6e4f4b136289dd0903b44078c8ecee629681885223e5fa57ce2fc558ea0393a9357f234a0c001a2b46195cc1986c086110120370255d9870b2c140901c3db77e2e31cf07da58486d0bfa9a81c30700d55980c7deb10e5cb1e5107979b9c333967d932fa27bd40413a4740c2461937c1bdda200866602a1b238ceb8ed476414ef15834e4ad51932587d6b5defd7b5c5960900992ca1412a1a9ad7e5be698de321bd58b47027475f259a6c2e14a2491559ac03526a9dc34b28891d19f956f274baa91a314c59e12e4fadd3523f04d82ff0023958ba35d74a3129ce8ae2ccf03fe2b9d9eaa970399fc19ba572bcd58ba9cadfbd57adf42a431c7f35d5b39a934ccb5b375d582bfd284b4c5588aa4bbdc66fd4c592a37a24f77588855867641d7366300cb9eacc03130e27d92e812422c144480d9f6013a66a700600f4cde28763602004dd434258041755000df6823e52ba02201fb833f1b3b403ba53da792b8d875128b229261d42171e83c8b11332280a0ab6e423cc52c2080d05d7f7652808660012f82997430761fe6e7cb46bd2aa320a498a058dd540375d81b2d66ee83ac74666e66124299979b3f20c12b666743e962ea233adc01b973ec3acdcef69d2831f7458a2b663a86ed4167030dd4249f74688032463b2406f276689f76219a6b66ae29866cd5058fe3919ae28a149d2fdba70d24552d58a618a327e192e2e061a79ae6eb481fbbad24daa4d44719d19e4056fd7837ab3c10d1f8a3375bbba588f9cf13a5d1f5a494d5a30fd2e079e199cdc715d0a605d4b0eaf16088d05a693dd401b9b753d8831b8e6cf6a30cd771093d87e8d46501368223b4451432329b57ea01636ef63dd995227dd0304616ebb1bd41820c48de0457820f5bac748e26106a36cb0c697018154a582634334190414105c3931203a3615a8309dbe11090d04c8d28a4928103c149d4198a44e349b93cb7231405c3032224f7c266768bb62896034ef9853704deaaa8040a0231b30e76b02f95d552e99e95ce48ec962e813570c7f371a6bb4d5cf49c54542ed8dac835234ac2123082a2249242eac10a6b9dd958895320424139e933059504470b62e9526e0ef658677e1e2736574f5d6b869f82c53b2c43faab9ae4a92fc77a629334a34929a7138ab0510ffb5ae38bab623cd89ae154f9dcb8bb3bd5ab2aa0f74670fcf5bf6b315c71c2715ca3dddfdd19bbd19a56731c0d68ab2d9cd5385d1b82120962a14422289e1be8a2901b06cac0712189fd29234248005a4408909c5d72080e45b53040f40973fbb1240df43d89fbd2480190788ede20551236a47bfbc4afc097c2e8d4bd8f98a0f108241be7a494ee727dd2c00020f2b54219ea4d0c1191bf8348e9261d2c841051db45c48d4e95e9347b22417742f880812ee41da74aa1beb9d5155410c602c9b4cb56a8e99ff2eae47a0df4402697641ae616404005ec056c20111e5d007ed207a9550213c9ab407c03b898bd9a2140040f458dda90705075fbe97b84af0d5933669c4c1eeae6a8aa5fec58e1e0c2bb59c57a1eea4d182e64fcca2c51a8253177ab07139b31baf127b5597a70e6391cc39086b740e6ba532ccdd5a11eb8022cc342e94835e0896c436334c591901742e8eb3a746e9474cc33da46f468a1f227eb4f2813185f13f650ecbda9499275035106d00228b48011d3e2b133e81ad46004604eaf56ca5048c1ba7ec4f82e1280ea66987d18ef66e693329d41b3b7cad63defd3171c0ed4882d608f40d918a11e7dfb21202615f70bc9b9033c7f24e5fcd51f004ec963b66c409e455c813c2a9fd22deb19c30d67e28a4055002674e11a27cd57a01f7534fba20920871e56ccd08816e3d5a642d49cf817ab3e680ebf3489b7cd14548e2b27d6f7ca843c2adc71eeeb5a42760515f8662ba6d490fd3b5d3942a4fd8a69f82c738366b66ee1a5dcef560bbd49abfe2e9c282c70997ed7a3d6b222e0f7ab17bd589b38ff0028c14c1772b4717f833422ceaa11ebdeb6091ad20d666b87ca8cf067d520343cb4218512238469118cb8d56eba6595ef30f45316d3807959f8a643a4d20fc117b82a32409d28b702fcce0590233dea020cd88460636ac392c02014c0162123524b080649842926013e9e2ac820b1e2c5498df53df133ed7780c5c4f411f24bbdce4025bf247a4500824325277ee2fc5f200029b09d0e875b80414ee3b41dd71eeea624a68740ec69588371a6958f70372c6c860eacd56810a376b30c2b10ae37d0f62a2dc22e41c88ee26f440acf1db5a80d5bed4d818a24ba5582a074fa53f553855ffb593d6dc9ad65abc54fcf0e974aa453118ef56651f5e756b598d3f018e162eb4a0540fd5d1a459e1a2a99fa52ac7d55c3f9a7cf10b8799a95756ce6b49a4fad24515ad93b76e2063e2ae7844b86bc6c599dfcd9c530fba70b15dfcdc44a0b8d324c23249a68a154848e565da5061ce8f500de1d573b67e2ab10109a5d4edda5c94645087b431d800f4d650c9c4dd846175756cdbff053f545cc49b543278b27fca3311a2cc84161d121aea412e5b58d8981b50b2903032682f83477f0b3d750685d400816a8071a633d568a614cfdd79b31108a245de50be00f34edb00615883a582c0419523ba517746867849b31625f7422ce68df80cd99a3f970b2c7bbd4fcddec459869a08a33560ae13472fda86799baaa4d89b8a9af058158cd0474bb0db99defaf0b1583c5d5420e14523469721745ddf356638586ce5d08efbd3a18d4b2250e288e87a5d4506de6b4c314612cd34ab0aa03ce22805d5430ad15c94c2230a3251d80967b52025fc2ec0da17c8ddc6061d824371dcdfb359c2023f452c6fbd8b095b318c98d5daa257597bd0ec492e61a0977060fb5fe3f4ccfeeccbb26fb21673eb506d1a31dff00db89dd3828ea3a2d51a4f921ab9c0846369f3343bf86e060c0c079bd2c20fb8ae7d13408721d1917a934c1513847c87c0541f2894796b80eb5f075f8fefea83027e7580be5ee1da9c8d9178b098b19ba56a8deeafb5d4b814cbc166821e1c68c5d5e16161b9fab949f5cac1561dae46f464b39b32dd6e828cf1bd906d3422f91493a59e075a3fcbf276ae4eb4d2ae6a0f9a582ace17025cd59cd534b0f8b1393bd60ff001c31497e976a7e88ad1051cd93852dc1ba5253dd98f65c9b13561503ddeac0342be3ee22ee2b75207b9fed9127a94be1544674b98ed88bbe9ed11154a3a6b47be7f21fc57e299f160827aa570ff14766b8adaeb118b80000611340f533e96aa0111811a49803c340813a01fdddc0ae754920f6d0fb9e2e3fd3fba58a26e634e982e67bcdc106398c24fbbf55d67464e241fc126af659978d494d389b222cc966a4fc7e0d0c53c9e6bce22cbe28cb673562fed44d4e7965c9c94a83256163177d2ef562c16e0daaeeb247d7858b818bbe2b9c76e2467fda99ba5194ab1745d75a105fd51fa7065a398e243a58c35c553dab30f1867a50c64686f23f17be24da5d4d0abf5cd71fb364f789b0807a8197da28f243158fa57c9fc5fa8eba5824f977a61b675aa0e1ba69eeeea7ab08881da80ec6b5c91ef66663bdf80a4399bd5b730692cc660a40124c37c3bbaa8810f9a63fb0a441f1542cc3dd2ac5193883e6a823ad89ae0fc299a3276b3056944c6f9fc15ec6a3810532be2c3279ab28899af0e7bdd7bf263c29a713c39df83eca61b138aca5b1b55e0c3ad89a5586bb74aa0f7f3757fb8e524b353a508b9d6a519c9c8d69243e78987ad197dd71f6a09a9b913eee624398c8074cb7cd29b226334676cb99b1466955ed4d1ebf6a04c8f65d1f42c77275bd409bee2359c6c9c4d749ff00492b8fa34b8611fcd91b1912e85c9f3f150af12635ac87a62b90d337618cbf6baded9b9b5cd52ceeeb660d05d74d2e44416f3b27762fbbaeeaf9b22ce6ccb5340ab0596cbff0b396855986ad5c55039ff2effdcdc9ad4e797b5c1b571ccb2a49bbc40d628418f95995e56e7eb561bad34e265e8e9613a8efd6cfb2a66b8e37bafdd464e1cd2c974573e1f8fc2c62b9a314b1e2eb67889b167d70dc79eb5eb34ffaaaacd22c5b2192b46691a63ad9de7c17eccc5597325cff009eb5d306eaec6f7344bae7063e80a3c05ee303dafe2c84f45cbf0510bb6bdeb93b3a55fa2cc7a5c1df4f140f5c7c560f0bd87f3487411fad72c9ed4607bf4acc7bd33a72a06091d0440f7f86c5cc52b362cc2ee4b520dea13d79011c41757d723ee50e16ecb3f7ae78582bfed9869ae2ae86c636f8ba7021513578d3f389a925c8559d77ba585a11c730fe2ba701aeb1e0629427fa71134618e8d58bab465f7b26855828666e45c0c00c9e89dcc7506b0acb5251dec3d64fc1642eeabe0137206a7de70c5ec191da89cb617ae00f039a34bc19a226224c52727f7add25844e8e3b5d1b08b26fb6b5b3ad63ed868ba631e29965f01641ccb0f7743b6f377007486cc35d3306d73a009a0091af53a60eb5638d7dae87bb95efbdee69ad7116494d2ac581c4cd8c669a7186cf2419b2401b6f57867f85dac70936388a72319bb52c5b3f8195c35f9ac5baeb62cd1a736ffad3861cb0a74a6c591625b973228b5564d31c150e68cd99d3ae6ba497f55baded253bf71450001b92ff0015c03acd21831dfb535da27bb4f8cdc034b140e8b63ff177b00f230fdac4219688c77e9581f5766b31b61066ac46d8f9ae72c2fd299877d286335e688deb849ff6aeb4113f4b8f6d8ad1977a2d820583a66083f64a8d4ddcd46a2c9099b26737892370ed5650998a9aae468cd00cae8a1f80bc06a9e5a33647264e2a496bb55b1f869f90a443c60622cc8d08ab15d2c67801ce8d59598a33703832a4354d74a4d74a63b574bed661a61e0d28c94278433c39b2d47d35a3f76e16492dc14eaa58a617701d69fc6f712328fa47c970b1647835accb2497c3e94c958b3108a07a64daf7f03d093eb356466a76b54ba9dda91e36bdc37b0f0c35ed4667e9c033331d3354a4d5dab1ca1820d61fdd47512307b2feaa372078fcd801c1e203180f23c1273d0cf7e08974f77039f1582caf65cd51b3477b29e3235a35e206f673eea5282b3da8e276b533f84f3af2dde734d5f9aeb7ab0b9f8b09b5f1a91ca04f3603cf084f75934e1a9631c0cf1856d7457354b3d8a581c226b83de6883af59aa68228f0b0afdefbd553288f0e19fb54913be4b8a08a8d9912dd3b9d1b901022433d688c20cfc5d9420d3b5407b4f8be7962cefb33fa6cbf153afc9bd101e34b29d88ef41f6c5c9ac237aab736aee42cc913719793f6a7740413f52fbddf9182273b2b3f4bb603cf5ee82eca88cdc8c0f297fa076a99b0ae36594ebf4ae5c123175b177ad3377e222c43c4cbf4e3f42b9e5c9ae944bf2391e524b117df28d0fa55283e954e9622a2e9f85a8e5707ae1cd53e15d28ad0b80b3371a74b805725f8d9b3449bdd794968753367177b1c282e2a1d732d60ca4c62f9f269daa9093440349cef64583af4a6cc6d17e266881248746e7b3175db1929762e976e9742bf17593171faa8b90068481f9cfd2ae248951647c51703503f613f5baa80cc9bdd94403b314e34f474abfe0b9a991ecf729132498ed7e8ee8c9fc1565a69779b8164701c7cd1c59b955519e133ad70b5c9e688dd605dedb8735817569a73bf1a2c4b3c2c567f00482fc707011447b5743ed420fc2736039fb52ac2ccb477531772a4aba5946788f15c7d66ccade99f929857ed3466ef5c9421cba5edd2843668a485af50bef74d2131aeb443e0fcdda121ad89827392fb8365539dcf56384b8d0737b8b71bf0f7b917426687ac224e9703301f45aca909ba46527c58503ab1d6c6dc5a5c5dc8f172b7eab81e7ae8d21b11ad13899d235c5874592068218145dcdf50b8a5330ec7aa188a1067ad329e504156982869c4e2be0e0e233490c59cd417b18e0e0cac4679d2cdd6b9f5a659da34ab0dd4b1dbad34ae4e71adf99b01646e85582cdf776bbe916663885a11c3cf112d082cf8e14faae957d5403c44c525c3622b031d628f1a44750d65d3e975568f489fef5a460d1809c2534b91306ee948124651d7c52127444b9a06a7eefc3c8ccb57986db521c782f6a87a8f8ba599419aa043f2aa741446cd1a19ca7167df45d75ad38023675b090d377add331dacc76a4499a9202363e6c1d0c4e2faf51d27ea37175a1541deae2c9e9bbf1172ebe6ee74a10583adcb43d2ccf0e2a22e2798ab97cd12f6b234518fc0c5c9f869743bb472f31663d2e895d26cdf89b90fef5e1e7374e160afeee29cac165f8e1febdb74508e76553c148e3195e12e89f55cf0298ef526ec70dc8f868471f698e1fb4577da75d26e07c5630f9efa58c27560ec51dad674ed3607d433f1778ae22e3c6ad47919ce6b9d66510d1e583e97c81289c5eed914550ec876ac7cb3df3712b0776f72f450b33a8f6b26801b4b2cc6d843d582ec76ed7a648db07e82ccf7607c1533e6a9f556b47809a108b98794e321f170b34e351c683cf1b95d7881f55feaab7efa5fffd9);

-- --------------------------------------------------------

--
-- Struktur dari tabel `sementara_barang_masuk`
--

CREATE TABLE `sementara_barang_masuk` (
  `kode_barang` char(8) NOT NULL,
  `nama_barang` varchar(30) NOT NULL,
  `satuan` varchar(10) NOT NULL,
  `harga` double NOT NULL,
  `stok` int(11) NOT NULL,
  `jml_masuk` int(11) NOT NULL,
  `subtotal_masuk` double NOT NULL
) ENGINE=InnoDB DEFAULT CHARSET=latin1 COLLATE=latin1_swedish_ci;

--
-- Dumping data untuk tabel `sementara_barang_masuk`
--

INSERT INTO `sementara_barang_masuk` (`kode_barang`, `nama_barang`, `satuan`, `harga`, `stok`, `jml_masuk`, `subtotal_masuk`) VALUES
('B2405001', 'Bunga Asli', 'lusin', 50000, 50, 13, 9);

-- --------------------------------------------------------

--
-- Struktur dari tabel `sementara_keluar`
--

CREATE TABLE `sementara_keluar` (
  `kode_barang` char(8) NOT NULL,
  `nama_barang` varchar(30) NOT NULL,
  `satuan` varchar(20) NOT NULL,
  `harga` double NOT NULL,
  `stok` int(11) NOT NULL,
  `jml_keluar` int(11) NOT NULL,
  `subtotal_keluar` double NOT NULL
) ENGINE=InnoDB DEFAULT CHARSET=latin1 COLLATE=latin1_swedish_ci;

-- --------------------------------------------------------

--
-- Struktur dari tabel `sementara_pesan`
--

CREATE TABLE `sementara_pesan` (
  `kode_barang` char(8) NOT NULL,
  `nama_barang` varchar(30) NOT NULL,
  `satuan` varchar(10) NOT NULL,
  `harga` double NOT NULL,
  `stok` int(11) NOT NULL,
  `jml_pesan` int(11) NOT NULL,
  `subtotal_pesan` double NOT NULL,
  `status` varchar(20) NOT NULL
) ENGINE=InnoDB DEFAULT CHARSET=latin1 COLLATE=latin1_swedish_ci;

--
-- Dumping data untuk tabel `sementara_pesan`
--

INSERT INTO `sementara_pesan` (`kode_barang`, `nama_barang`, `satuan`, `harga`, `stok`, `jml_pesan`, `subtotal_pesan`, `status`) VALUES
('B2405001', 'Bunga Asli', 'lusin', 50000, 50, 30, 5, 'Sedang di pesan'),
('B2405002', 'Bunga Palsu', 'lusin', 30000, 50, 20, 7, 'Sedang di pesan');

--
-- Indexes for dumped tables
--

--
-- Indeks untuk tabel `barang`
--
ALTER TABLE `barang`
  ADD PRIMARY KEY (`kode_barang`),
  ADD KEY `kode_jenis` (`kode_jenis`);

--
-- Indeks untuk tabel `barang_keluar`
--
ALTER TABLE `barang_keluar`
  ADD PRIMARY KEY (`no_keluar`),
  ADD KEY `id_pengguna` (`id_pengguna`);

--
-- Indeks untuk tabel `barang_masuk`
--
ALTER TABLE `barang_masuk`
  ADD PRIMARY KEY (`no_masuk`),
  ADD KEY `id_pengguna` (`id_pengguna`),
  ADD KEY `id_distributor` (`id_distributor`);

--
-- Indeks untuk tabel `detail_barang_keluar`
--
ALTER TABLE `detail_barang_keluar`
  ADD KEY `no_keluar` (`no_keluar`),
  ADD KEY `detail_barang_keluar_ibfk_2` (`kode_barang`);

--
-- Indeks untuk tabel `detail_barang_masuk`
--
ALTER TABLE `detail_barang_masuk`
  ADD KEY `kode_barang` (`kode_barang`),
  ADD KEY `no_masuk` (`no_masuk`);

--
-- Indeks untuk tabel `detail_pemesanan`
--
ALTER TABLE `detail_pemesanan`
  ADD KEY `no_pesan` (`no_pesan`),
  ADD KEY `kode_barang` (`kode_barang`);

--
-- Indeks untuk tabel `distributor`
--
ALTER TABLE `distributor`
  ADD PRIMARY KEY (`id_distributor`);

--
-- Indeks untuk tabel `jenis_barang`
--
ALTER TABLE `jenis_barang`
  ADD PRIMARY KEY (`kode_jenis`);

--
-- Indeks untuk tabel `pemesanan`
--
ALTER TABLE `pemesanan`
  ADD PRIMARY KEY (`no_pesan`),
  ADD KEY `id_distributor` (`id_distributor`),
  ADD KEY `id_pengguna` (`id_pengguna`);

--
-- Indeks untuk tabel `pengguna`
--
ALTER TABLE `pengguna`
  ADD PRIMARY KEY (`id_pengguna`);

--
-- Indeks untuk tabel `sementara_barang_masuk`
--
ALTER TABLE `sementara_barang_masuk`
  ADD KEY `kode_barang` (`kode_barang`);

--
-- Indeks untuk tabel `sementara_pesan`
--
ALTER TABLE `sementara_pesan`
  ADD KEY `kode_barang` (`kode_barang`);

--
-- Ketidakleluasaan untuk tabel pelimpahan (Dumped Tables)
--

--
-- Ketidakleluasaan untuk tabel `barang`
--
ALTER TABLE `barang`
  ADD CONSTRAINT `barang_ibfk_1` FOREIGN KEY (`kode_jenis`) REFERENCES `jenis_barang` (`kode_jenis`);

--
-- Ketidakleluasaan untuk tabel `barang_keluar`
--
ALTER TABLE `barang_keluar`
  ADD CONSTRAINT `barang_keluar_ibfk_1` FOREIGN KEY (`id_pengguna`) REFERENCES `pengguna` (`id_pengguna`);

--
-- Ketidakleluasaan untuk tabel `barang_masuk`
--
ALTER TABLE `barang_masuk`
  ADD CONSTRAINT `barang_masuk_ibfk_1` FOREIGN KEY (`id_pengguna`) REFERENCES `pengguna` (`id_pengguna`),
  ADD CONSTRAINT `barang_masuk_ibfk_2` FOREIGN KEY (`id_distributor`) REFERENCES `distributor` (`id_distributor`);

--
-- Ketidakleluasaan untuk tabel `detail_barang_keluar`
--
ALTER TABLE `detail_barang_keluar`
  ADD CONSTRAINT `detail_barang_keluar_ibfk_2` FOREIGN KEY (`kode_barang`) REFERENCES `barang` (`kode_barang`) ON DELETE CASCADE ON UPDATE CASCADE,
  ADD CONSTRAINT `detail_barang_keluar_ibfk_3` FOREIGN KEY (`no_keluar`) REFERENCES `barang_keluar` (`no_keluar`) ON DELETE CASCADE ON UPDATE CASCADE;

--
-- Ketidakleluasaan untuk tabel `detail_barang_masuk`
--
ALTER TABLE `detail_barang_masuk`
  ADD CONSTRAINT `detail_barang_masuk_ibfk_2` FOREIGN KEY (`kode_barang`) REFERENCES `barang` (`kode_barang`) ON DELETE CASCADE ON UPDATE CASCADE,
  ADD CONSTRAINT `detail_barang_masuk_ibfk_3` FOREIGN KEY (`no_masuk`) REFERENCES `barang_masuk` (`no_masuk`) ON DELETE CASCADE ON UPDATE CASCADE;

--
-- Ketidakleluasaan untuk tabel `detail_pemesanan`
--
ALTER TABLE `detail_pemesanan`
  ADD CONSTRAINT `detail_pemesanan_ibfk_1` FOREIGN KEY (`no_pesan`) REFERENCES `pemesanan` (`no_pesan`) ON DELETE CASCADE ON UPDATE CASCADE,
  ADD CONSTRAINT `detail_pemesanan_ibfk_2` FOREIGN KEY (`kode_barang`) REFERENCES `barang` (`kode_barang`) ON DELETE CASCADE ON UPDATE CASCADE;

--
-- Ketidakleluasaan untuk tabel `pemesanan`
--
ALTER TABLE `pemesanan`
  ADD CONSTRAINT `pemesanan_ibfk_1` FOREIGN KEY (`id_distributor`) REFERENCES `distributor` (`id_distributor`),
  ADD CONSTRAINT `pemesanan_ibfk_2` FOREIGN KEY (`id_pengguna`) REFERENCES `pengguna` (`id_pengguna`);
COMMIT;

/*!40101 SET CHARACTER_SET_CLIENT=@OLD_CHARACTER_SET_CLIENT */;
/*!40101 SET CHARACTER_SET_RESULTS=@OLD_CHARACTER_SET_RESULTS */;
/*!40101 SET COLLATION_CONNECTION=@OLD_COLLATION_CONNECTION */;
